learning_time,midterm_grade,attendance_rate,homework_completion,pass_fail
7,43,57,70,1
6,97,75,86,1
5,61,35,82,-1
4,65,46,45,-1
5,37,52,83,-1
2,63,63,96,-1
8,46,58,78,1
6,73,98,84,1
2,46,82,91,-1
4,38,36,57,-1
7,52,77,90,1
4,54,51,54,-1
5,85,47,73,1
2,70,90,93,-1
2,57,57,83,-1
3,62,44,45,-1
8,93,36,85,-1
2,45,87,69,-1
2,89,56,71,-1
4,43,59,51,-1
4,60,33,93,-1
7,67,70,94,1
3,80,72,80,1
6,37,97,51,1
4,44,36,50,-1
2,82,58,96,-1
4,99,39,63,-1
7,30,30,54,1
6,98,65,85,1
2,44,79,61,-1
1,30,85,64,-1
3,33,75,87,-1
6,53,68,46,1
4,35,51,54,-1
3,82,67,78,-1
1,47,75,97,-1
6,64,79,65,-1
3,90,64,69,-1
5,39,92,45,1
7,43,71,86,1
4,89,87,68,1
4,60,84,79,1
2,37,45,97,-1
7,51,51,50,1
4,86,50,45,-1
3,35,84,78,-1
4,84,43,79,1
2,56,54,69,-1
2,86,82,41,1
4,92,60,37,-1
2,36,79,49,-1
7,35,81,76,1
3,38,31,75,-1
7,61,37,71,1
6,70,35,67,1
6,84,60,52,1
6,42,51,74,1
7,89,52,42,1
7,38,85,58,1
2,71,59,75,-1
2,37,43,81,-1
4,75,32,53,-1
8,74,49,86,1
1,58,58,72,-1
7,76,96,62,1
5,33,30,61,-1
8,41,67,77,-1
2,53,55,57,-1
2,61,95,72,1
4,86,50,88,1
5,42,78,46,-1
1,99,31,94,-1
8,66,76,42,1
1,53,61,63,-1
7,64,68,32,-1
4,33,43,75,-1
3,93,34,85,-1
5,34,81,83,1
8,33,83,76,1
8,47,66,87,1
1,59,37,84,-1
7,65,99,75,1
7,99,90,51,1
3,44,33,85,-1
2,30,46,68,-1
7,73,49,73,-1
3,81,91,60,-1
3,48,93,53,-1
7,72,44,74,1
3,96,97,76,-1
5,56,45,46,-1
2,79,63,62,1
3,60,60,40,-1
4,98,87,96,1
8,84,72,96,1
2,73,61,60,-1
6,66,56,38,1
4,46,57,71,-1
7,47,58,73,1
4,97,90,79,1
3,47,94,58,1
7,66,56,91,1
4,84,60,72,1
7,35,71,69,-1
2,79,37,30,-1
6,61,39,69,1
8,80,81,92,1
1,83,34,70,-1
7,85,70,52,1
1,36,87,51,-1
2,78,71,83,1
7,91,87,99,1
7,78,86,98,1
1,56,96,42,-1
2,66,67,40,-1
5,79,52,72,-1
7,86,71,66,1
2,99,96,43,-1
8,44,71,66,-1
7,96,84,70,1
8,94,69,94,1
1,63,46,60,-1
8,74,89,79,1
6,41,57,77,-1
8,48,36,39,1
3,63,56,65,-1
7,61,33,71,1
1,38,74,77,-1
2,43,53,78,-1
5,40,61,77,-1
5,51,66,93,-1
5,39,79,65,1
5,71,75,59,-1
2,54,73,63,-1
6,80,93,31,1
4,57,80,58,1
5,61,40,56,-1
5,94,45,33,1
6,66,76,45,1
6,57,95,37,-1
1,30,57,99,-1
5,65,51,55,1
4,88,51,53,-1
8,99,72,50,1
3,85,36,53,-1
6,39,83,58,1
3,47,93,42,-1
7,73,80,84,1
4,70,85,47,-1
6,92,84,84,1
8,47,52,90,1
7,68,92,39,1
2,91,93,86,1
6,59,92,77,-1
1,30,41,78,-1
1,53,84,82,-1
3,61,86,48,-1
6,86,94,51,-1
7,59,81,80,1
3,54,90,43,-1
5,53,80,79,1
8,53,52,72,1
4,68,69,78,-1
5,85,48,79,1
1,76,83,86,-1
3,37,60,30,-1
5,30,55,33,-1
8,31,40,66,1
3,34,79,62,1
2,43,42,70,-1
6,45,58,56,1
4,50,65,74,-1
6,92,87,58,1
6,98,59,64,1
3,95,51,38,-1
7,85,33,86,1
2,59,77,88,-1
7,73,53,89,1
2,71,52,36,-1
6,65,83,77,-1
6,56,68,71,1
4,85,79,42,-1
3,69,30,39,-1
3,68,76,83,-1
5,45,69,45,-1
6,59,30,45,-1
6,41,78,63,-1
7,35,82,43,-1
7,63,99,80,1
1,75,45,42,-1
5,30,42,89,-1
7,76,86,86,1
5,61,43,67,1
1,61,76,59,1
5,51,38,31,-1
2,69,76,73,1
2,87,67,79,-1
3,30,87,83,-1
1,65,85,90,1
6,39,53,75,-1
3,65,71,55,-1
2,37,66,74,-1
2,34,84,61,1
2,33,44,93,-1
3,37,40,46,-1
1,91,31,97,-1
7,78,30,30,1
8,49,57,88,1
5,87,46,94,1
4,66,48,81,-1
1,61,90,30,-1
5,83,90,96,1
7,94,83,88,1
5,98,99,93,1
3,55,71,61,-1
3,34,55,61,-1
5,52,99,92,-1
4,96,55,90,-1
1,40,93,32,-1
4,55,95,97,-1
5,42,35,40,1
1,71,55,40,-1
2,65,34,87,1
5,68,88,99,1
2,42,67,40,-1
7,83,55,41,-1
2,36,35,66,-1
8,31,77,73,1
6,42,71,85,1
1,47,73,98,-1
4,33,33,88,-1
8,83,73,57,1
2,74,90,85,1
1,88,64,96,-1
5,86,94,61,1
4,53,73,48,-1
8,65,43,81,-1
5,96,54,32,-1
3,96,54,98,-1
8,85,58,41,1
2,72,51,89,-1
6,86,68,36,-1
6,62,77,70,1
7,52,91,94,1
5,46,53,71,1
1,45,32,62,-1
5,47,73,53,-1
4,50,94,60,1
7,38,46,77,1
5,67,76,39,1
8,59,49,82,-1
7,50,84,56,1
1,37,30,78,-1
5,84,95,67,1
3,68,95,60,-1
3,80,82,86,1
1,92,86,60,-1
2,82,77,84,-1
8,61,84,96,1
2,66,79,85,-1
4,89,50,85,-1
1,81,71,54,-1
1,66,41,67,-1
6,80,48,47,1
7,40,63,86,1
4,96,98,33,1
6,64,52,62,1
7,66,79,60,1
7,83,99,60,1
7,33,49,49,1
8,43,47,74,1
1,63,71,64,-1
4,43,46,38,-1
6,75,63,51,1
1,99,97,86,-1
4,98,74,58,-1
1,70,51,61,-1
8,73,50,79,1
5,54,31,76,-1
7,80,44,95,-1
1,35,96,44,-1
2,51,38,76,-1
8,67,46,46,-1
1,78,69,65,-1
1,56,86,58,-1
4,35,31,83,1
5,58,31,54,-1
1,96,39,45,-1
5,50,77,96,1
3,75,30,56,-1
1,62,41,71,-1
6,69,95,46,1
1,37,48,38,-1
6,79,49,85,1
5,72,80,59,1
8,46,49,83,1
8,90,54,44,1
1,99,62,31,-1
5,80,50,67,-1
7,83,98,46,1
2,96,70,85,1
6,32,38,53,-1
5,88,92,76,1
5,42,43,43,-1
5,44,32,83,-1
2,53,84,93,1
4,37,32,70,-1
5,92,68,83,1
4,70,99,86,1
2,46,92,41,-1
5,38,43,54,1
7,35,71,55,1
4,66,98,96,-1
3,46,58,47,-1
7,62,67,53,1
5,45,86,71,1
4,98,84,54,-1
3,70,94,60,-1
1,76,39,67,-1
4,79,81,61,-1
6,80,47,86,-1
8,62,39,70,-1
3,99,89,48,-1
6,52,34,70,1
6,84,45,35,-1
7,97,78,63,1
5,74,54,68,1
5,35,75,88,1
1,41,55,90,-1
3,82,75,86,-1
8,67,92,81,1
1,39,80,90,-1
5,57,35,79,1
5,71,35,77,1
7,39,48,33,-1
5,51,42,95,1
3,70,67,51,-1
7,36,64,69,1
8,37,95,41,1
6,71,44,46,-1
5,55,93,98,1
4,55,35,38,-1
4,42,57,55,-1
1,96,47,64,-1
3,96,85,93,-1
8,73,43,35,1
7,40,44,97,-1
8,69,54,53,1
4,47,78,65,1
6,60,47,69,1
1,51,69,53,-1
2,94,48,30,-1
8,92,65,61,1
1,64,46,92,1
3,35,78,99,-1
3,67,90,37,-1
1,60,38,52,-1
4,98,56,66,1
3,95,32,45,-1
7,72,49,96,1
7,52,34,86,1
3,38,85,43,1
2,38,73,64,1
4,45,69,56,-1
8,72,66,74,1
7,90,51,59,1
8,58,94,53,1
5,77,66,78,-1
2,42,78,99,-1
7,89,92,80,1
5,43,83,75,1
7,57,36,85,1
5,61,65,90,1
4,38,90,56,-1
8,84,70,32,1
4,82,48,61,-1
7,35,89,77,1
6,72,71,56,1
8,50,58,82,-1
6,51,41,85,1
4,36,70,78,1
6,99,42,46,1
5,45,41,40,-1
1,50,43,78,-1
1,68,63,33,-1
7,64,56,54,1
6,36,72,54,1
4,96,85,66,1
6,37,38,61,-1
7,76,97,41,1
8,71,76,89,1
4,42,40,96,1
3,80,49,97,-1
1,99,63,71,-1
1,64,55,96,-1
1,95,57,47,-1
5,81,79,82,1
2,51,85,62,-1
6,64,71,71,-1
5,35,83,69,1
6,70,98,89,1
2,97,90,62,-1
1,90,85,42,1
1,42,82,46,-1
3,62,37,34,1
7,68,73,73,1
5,69,64,99,1
7,91,90,59,1
4,91,86,39,1
2,77,50,68,1
7,79,61,34,1
8,52,39,70,1
4,69,35,33,-1
2,65,80,76,-1
3,54,49,96,-1
8,88,66,96,1
1,32,96,83,-1
3,65,32,36,-1
1,32,31,37,-1
7,77,38,37,1
2,86,66,33,-1
2,83,96,57,-1
6,58,96,33,-1
4,98,55,94,1
8,57,36,81,1
2,45,61,59,-1
3,77,30,37,-1
7,75,51,68,1
6,34,61,75,1
3,57,48,77,1
2,80,39,44,-1
6,36,36,55,1
4,53,65,43,-1
2,99,61,62,1
2,98,48,42,-1
7,50,90,35,1
8,55,60,74,1
4,44,60,56,-1
8,72,47,33,1
7,38,49,67,1
4,42,31,89,-1
5,97,32,42,-1
2,81,66,92,-1
2,72,98,72,1
8,93,86,98,1
1,75,74,73,-1
8,96,65,52,1
3,50,95,71,-1
5,58,65,62,-1
2,69,62,87,-1
3,93,79,42,-1
6,47,48,34,-1
2,89,96,87,-1
8,76,52,87,1
3,94,38,44,-1
8,45,33,51,1
2,72,35,67,1
2,76,71,51,1
3,58,51,34,1
5,71,44,59,1
1,54,88,55,-1
3,76,93,89,1
2,99,87,47,-1
2,63,91,93,-1
1,41,41,36,-1
8,86,77,35,1
3,66,63,99,1
7,67,65,42,1
4,77,39,88,-1
4,64,93,64,-1
2,92,44,30,-1
6,95,91,58,1
2,72,52,38,-1
8,74,98,92,1
2,57,99,77,1
4,78,41,61,1
5,30,68,51,-1
3,55,81,74,1
1,71,34,73,-1
4,89,98,72,1
6,51,76,36,-1
5,50,69,71,1
1,35,72,44,-1
8,76,50,30,1
2,60,73,60,-1
3,78,65,99,-1
4,57,48,63,-1
3,83,54,64,-1
1,51,60,63,-1
2,52,66,69,-1
7,95,74,92,1
3,40,39,89,1
8,39,42,40,1
8,46,70,76,-1
7,84,64,67,1
2,44,46,52,-1
6,40,59,99,1
5,82,39,50,1
4,94,87,66,-1
2,75,54,76,-1
7,34,37,87,1
3,86,44,33,-1
2,69,82,90,-1
1,49,56,38,-1
7,66,52,80,-1
5,94,62,78,1
2,51,49,35,-1
2,71,50,92,-1
3,77,38,51,-1
5,89,53,33,-1
4,49,92,33,-1
7,52,54,85,1
5,88,31,71,-1
3,65,38,71,1
6,65,35,52,-1
6,38,72,79,1
7,52,91,83,1
3,90,33,54,-1
8,37,41,64,1
6,75,74,61,-1
3,99,39,74,-1
8,87,35,40,1
6,76,87,65,1
3,47,90,39,-1
1,31,93,69,-1
8,78,39,73,1
1,36,93,93,-1
5,86,71,55,1
8,56,42,55,-1
4,47,51,44,-1
7,33,89,64,1
6,74,42,63,1
7,80,60,78,-1
6,46,36,90,-1
1,37,90,37,-1
5,96,65,75,1
1,90,53,37,-1
5,42,45,43,-1
5,47,89,36,-1
8,42,78,30,1
2,89,94,82,-1
7,86,84,33,1
1,95,78,75,1
1,91,57,89,-1
5,41,59,98,-1
1,46,83,87,-1
4,47,89,88,1
7,84,66,72,1
1,45,47,53,-1
5,84,92,65,1
1,30,43,58,-1
6,42,44,30,-1
5,31,49,66,1
8,60,33,38,1
7,52,90,88,1
3,36,98,47,-1
3,84,68,82,-1
7,71,68,68,1
7,50,82,90,1
6,66,53,61,-1
1,52,92,62,-1
5,70,60,61,1
3,75,89,90,1
3,89,91,89,1
2,92,48,78,1
7,63,50,99,1
5,95,89,79,1
6,62,92,36,-1
5,87,50,75,1
4,44,86,74,-1
3,30,60,49,-1
4,46,89,77,-1
8,50,35,99,1
8,66,56,89,1
3,76,55,61,-1
2,93,96,96,-1
6,88,43,53,1
7,65,49,48,-1
7,40,84,36,-1
4,57,97,56,1
2,92,56,51,-1
8,59,48,75,1
4,52,50,50,1
8,70,58,59,1
4,67,61,55,1
3,40,69,88,-1
6,87,84,99,1
2,37,64,35,-1
6,92,44,48,1
2,37,50,86,-1
2,91,71,85,1
1,40,78,62,-1
2,61,98,67,1
3,31,55,36,-1
2,79,84,38,-1
2,64,85,54,-1
3,86,95,30,1
3,54,89,78,-1
4,84,68,74,-1
8,55,65,51,-1
6,30,63,46,-1
6,60,77,42,1
4,81,72,92,-1
2,73,35,63,-1
2,51,80,89,-1
3,95,88,48,1
2,82,62,85,-1
4,94,90,77,-1
2,60,30,56,-1
3,83,64,32,-1
4,35,97,44,-1
2,54,34,66,-1
4,39,96,32,-1
2,73,36,40,-1
7,96,93,74,1
4,49,84,79,-1
1,80,71,98,-1
4,41,51,39,-1
2,33,80,60,-1
1,51,43,96,-1
7,38,67,32,1
5,90,76,61,-1
3,42,63,97,-1
3,84,44,68,-1
5,51,96,79,1
6,84,40,83,1
2,47,38,73,-1
2,80,31,39,-1
2,58,82,94,1
4,82,38,46,-1
8,60,46,79,1
2,78,41,38,-1
3,54,66,69,1
4,88,95,64,1
3,95,94,37,1
8,81,34,72,1
5,77,96,52,1
5,39,53,69,1
8,35,36,57,1
1,81,91,98,-1
2,65,68,52,-1
3,83,34,83,-1
7,66,93,74,1
5,64,39,79,1
2,54,99,69,-1
2,60,81,65,-1
3,76,55,68,-1
3,31,72,93,-1
3,62,69,92,1
4,96,98,82,1
5,55,61,50,1
3,67,58,56,-1
1,31,72,77,-1
4,61,39,94,-1
6,75,88,44,1
2,92,32,70,-1
3,66,33,60,-1
8,89,54,58,1
8,95,35,52,1
2,52,63,64,-1
4,40,72,93,1
1,94,63,68,-1
3,80,60,65,1
5,73,97,35,1
8,41,40,69,1
2,34,81,55,-1
4,32,73,73,-1
2,53,75,45,-1
3,77,45,57,-1
2,39,87,86,-1
7,67,51,58,1
2,97,42,74,-1
7,36,37,49,1
2,68,52,78,-1
7,51,55,43,-1
3,63,30,73,-1
3,65,53,50,-1
8,36,61,67,-1
2,59,31,50,-1
7,71,33,53,-1
6,71,60,86,1
3,73,43,44,1
3,77,33,98,1
3,43,73,67,-1
3,41,34,96,-1
7,58,50,73,1
8,72,94,86,1
3,88,97,57,-1
8,47,80,42,-1
3,68,51,89,1
6,55,74,64,1
7,93,68,63,1
2,77,72,76,-1
6,58,73,72,1
2,70,33,60,-1
2,66,72,30,-1
8,41,79,54,-1
5,55,75,81,1
8,99,47,89,1
7,74,72,72,1
4,89,86,78,1
8,83,42,32,-1
4,47,66,87,-1
7,48,47,62,-1
4,71,89,87,1
7,42,79,89,1
5,76,45,73,-1
8,43,71,68,1
8,34,68,30,-1
2,78,46,86,-1
8,75,85,71,1
2,69,51,31,-1
8,67,79,70,1
2,48,59,47,-1
6,98,47,97,1
5,94,86,55,-1
3,96,71,80,1
2,44,72,80,-1
4,77,84,68,-1
1,49,89,66,-1
4,62,96,87,1
7,36,99,96,1
4,67,81,91,1
1,32,90,90,-1
8,74,74,30,-1
6,30,45,68,-1
2,56,70,62,-1
6,55,37,32,1
6,74,54,97,1
3,45,98,81,1
7,56,58,80,-1
1,85,69,59,-1
1,88,87,40,-1
2,71,74,76,1
2,37,79,65,1
3,93,77,34,-1
1,53,48,92,-1
1,94,64,90,1
1,42,79,68,-1
1,57,68,92,1
5,71,40,83,-1
2,78,56,75,-1
2,78,97,94,1
8,96,53,32,1
7,81,98,67,1
8,60,71,34,1
3,93,49,55,1
5,68,77,95,1
8,93,63,94,1
1,54,54,69,-1
7,49,95,42,1
3,49,68,50,1
5,52,84,93,-1
1,32,33,67,-1
5,48,79,65,1
6,83,95,80,1
4,51,97,62,1
1,98,70,38,1
6,74,39,67,1
7,53,64,67,-1
8,98,47,39,1
4,96,63,34,-1
7,97,80,30,1
8,71,67,78,1
7,93,46,98,1
2,80,58,71,-1
7,63,64,76,1
6,56,81,76,-1
1,61,95,69,-1
7,63,80,47,1
5,95,89,33,1
1,84,34,96,-1
5,63,33,58,-1
2,94,95,34,1
6,61,90,71,1
7,62,36,70,1
2,39,31,80,-1
8,45,45,48,-1
1,80,83,53,-1
3,70,38,53,-1
1,30,39,36,-1
5,53,51,73,-1
5,97,93,96,1
2,55,40,83,-1
1,38,30,34,-1
2,41,80,52,-1
7,63,99,48,1
8,64,57,77,1
1,63,95,77,1
3,47,54,44,-1
7,44,50,92,1
2,50,61,49,-1
5,82,43,98,-1
5,96,99,59,1
7,99,39,81,1
1,43,33,32,-1
6,71,47,74,1
6,89,90,72,1
7,45,68,97,1
6,54,86,59,-1
3,98,57,68,1
7,63,81,61,1
4,59,79,34,-1
4,32,93,88,-1
5,94,71,90,-1
1,67,49,67,-1
4,79,59,64,-1
1,37,41,97,-1
2,66,86,74,-1
6,59,54,30,-1
1,95,94,36,-1
6,69,90,43,1
7,37,39,66,-1
8,62,45,63,1
8,42,39,35,-1
2,79,61,92,-1
7,99,74,65,1
1,89,87,85,1
3,34,39,35,-1
6,95,65,99,-1
7,95,58,33,1
2,84,32,66,-1
5,31,40,47,-1
6,82,71,45,1
7,59,40,89,1
7,88,31,58,1
4,34,33,69,1
4,85,82,92,1
5,70,60,35,-1
7,82,89,85,1
2,52,32,30,-1
3,34,69,93,-1
8,63,99,44,1
8,67,74,70,-1
5,41,32,33,-1
5,68,98,44,-1
2,55,34,81,-1
6,88,97,77,1
1,79,73,32,-1
8,76,49,69,1
2,96,74,45,1
8,86,51,75,1
4,33,73,82,1
1,51,85,47,-1
7,71,89,42,1
5,37,73,98,1
3,68,30,70,1
7,70,82,47,1
2,38,57,67,-1
4,82,64,83,-1
8,78,66,73,1
8,89,37,49,1
7,43,49,80,-1
1,93,69,50,-1
6,49,79,80,1
5,99,99,53,1
3,55,57,31,-1
4,54,54,53,-1
6,96,81,72,1
5,62,91,61,-1
1,77,62,89,-1
6,61,87,43,1
6,53,42,50,1
7,64,36,30,1
1,74,95,96,1
7,33,59,37,1
1,50,38,89,-1
1,75,32,69,-1
7,75,84,75,1
3,90,84,96,1
3,63,49,44,-1
2,60,43,54,-1
1,97,98,92,1
5,46,44,91,1
3,68,76,84,-1
5,43,63,78,-1
7,92,50,44,-1
7,92,38,52,1
6,43,81,93,-1
6,56,44,83,-1
4,62,52,34,-1
6,91,79,89,1
5,75,72,57,1
1,80,51,82,-1
5,67,61,99,-1
4,93,79,98,1
2,72,85,98,1
2,90,84,33,-1
8,30,42,52,1
4,92,63,73,1
4,42,52,55,-1
2,38,70,35,-1
1,40,38,61,-1
1,81,90,56,-1
8,86,47,93,1
2,88,91,56,1
5,31,45,74,-1
7,46,39,61,-1
3,33,95,95,1
1,39,55,43,-1
3,70,81,43,1
7,45,79,61,-1
7,62,79,94,1
2,82,37,52,-1
4,56,75,73,1
5,54,34,53,-1
6,89,30,66,1
6,42,42,92,1
1,45,33,43,-1
4,74,45,62,1
7,34,72,74,1
5,33,72,62,-1
2,84,52,62,-1
3,32,96,53,-1
4,39,42,58,-1
2,55,84,36,-1
2,46,98,30,1
2,87,34,99,-1
7,65,90,47,1
5,37,43,87,1
5,90,65,59,1
2,61,61,59,-1
6,80,64,61,1
7,92,47,60,1
4,95,80,92,-1
5,41,47,97,-1
3,51,67,96,1
2,48,46,30,-1
7,77,30,64,1
2,40,50,54,-1
5,40,97,38,-1
5,54,87,89,1
6,46,91,61,-1
3,40,89,64,-1
3,50,95,64,-1
2,58,44,75,-1
2,50,55,65,-1
6,46,40,32,-1
1,98,45,98,-1
6,74,74,64,1
1,53,70,65,-1
3,83,52,50,-1
5,66,93,51,1
6,89,44,73,1
2,97,72,69,-1
1,48,89,85,-1
2,96,61,43,-1
4,94,62,82,1
3,87,31,51,-1
2,91,78,48,-1
3,96,32,83,1
7,94,87,65,1
4,53,65,82,1
7,80,44,91,1
5,84,82,63,-1
1,63,56,98,-1
4,53,59,58,-1
3,82,41,37,-1
2,71,51,91,-1
2,57,83,82,-1
5,87,52,37,1
5,63,38,62,1
2,62,86,97,-1
4,77,72,76,1
2,73,69,31,-1
3,66,47,94,-1
8,99,44,80,1
2,66,77,48,1
8,81,93,62,1
1,95,60,46,-1
6,63,95,63,1
7,88,40,91,1
8,64,64,51,1
2,56,53,37,-1
8,93,48,33,1
1,70,49,88,-1
3,73,89,51,1
8,74,54,59,1
8,81,31,81,1
2,71,82,77,1
8,65,74,98,1
1,99,89,65,1
8,93,56,75,1
7,74,55,61,-1
7,54,87,97,1
5,72,34,77,1
4,45,50,93,1
8,58,45,97,1
5,43,78,59,1
5,49,73,94,-1
8,46,38,71,1
5,53,42,83,1
5,61,83,87,1
3,95,94,78,1
5,76,92,91,1
4,66,32,63,-1
6,59,98,33,1
3,37,83,66,-1
4,84,44,62,1
4,80,98,78,1
6,60,79,65,1
6,78,31,90,-1
1,87,62,61,-1
2,83,70,85,1
8,83,46,48,1
4,84,52,80,-1
1,36,99,98,-1
7,53,57,81,1
3,35,86,94,-1
4,87,39,83,-1
6,74,82,66,1
2,60,93,58,-1
6,30,34,66,-1
8,51,50,67,1
4,43,35,84,-1
7,31,76,52,1
8,40,90,64,1
3,50,77,40,1
8,99,65,44,1
6,51,48,38,-1
3,75,40,53,-1
7,30,70,47,1
5,57,47,63,-1
1,76,50,63,-1
1,39,69,36,-1
5,31,62,52,1
6,34,60,81,-1
1,40,31,69,-1
7,99,74,42,1
6,42,66,65,1
2,99,58,58,-1
6,52,76,76,-1
3,32,59,83,-1
7,51,64,56,-1
7,38,71,98,1
3,71,44,61,-1
5,87,34,52,-1
4,45,91,37,-1
6,82,78,45,1
1,70,61,86,-1
7,66,35,64,1
1,50,63,80,-1
1,77,70,37,-1
5,54,69,68,1
2,42,93,70,1
5,80,60,59,1
6,44,87,59,-1
7,47,33,84,1
4,52,33,84,-1
6,52,41,45,-1
2,96,35,98,-1
6,54,58,52,-1
1,30,74,92,-1
1,68,64,98,1
3,91,77,39,1
1,37,60,71,-1
6,63,87,60,-1
1,74,49,74,-1
1,52,76,87,-1
2,72,83,88,1
7,36,37,36,-1
4,30,41,49,1
5,78,64,49,-1
7,84,39,60,-1
2,52,67,67,-1
2,50,73,58,-1
8,96,64,39,1
7,96,59,99,1
8,97,80,47,1
3,66,60,96,1
8,50,56,51,1
1,70,76,87,-1
8,95,79,35,1
7,53,80,43,-1
6,65,34,86,-1
6,60,44,85,-1
3,90,69,90,1
8,44,47,82,-1
5,60,56,58,-1
7,90,56,76,1
2,55,82,56,-1
7,96,42,74,1
4,39,80,76,-1
7,91,71,74,1
7,35,66,44,1
4,70,66,69,1
2,60,67,83,-1
2,91,88,84,1
5,41,83,40,1
1,84,83,37,-1
7,93,85,70,1
5,64,71,51,-1
3,43,80,72,-1
5,48,47,84,-1
7,38,89,57,1
6,57,61,40,-1
5,36,37,56,1
4,57,87,99,-1
6,53,83,93,1
2,86,69,33,-1
7,59,47,66,-1
5,72,69,40,-1
4,32,53,71,-1
2,50,37,31,-1
3,36,80,82,1
7,90,78,98,1
7,50,47,43,-1
8,47,87,74,1
3,89,99,82,1
3,31,82,59,-1
7,45,66,81,1
3,49,63,41,-1
7,32,91,72,1
2,52,44,61,-1
1,90,92,85,-1
8,38,63,61,-1
6,49,80,62,-1
1,64,57,69,-1
6,62,91,95,1
4,53,81,88,-1
5,39,97,78,1
6,59,98,66,-1
5,44,93,65,1
7,73,40,78,1
7,44,81,75,1
1,82,97,41,-1
5,51,52,82,1
4,68,66,63,-1
2,85,55,90,-1
7,84,53,43,1
1,68,98,62,-1
4,38,97,75,-1
8,84,39,53,1
8,46,54,71,1
6,82,37,58,-1
6,31,36,88,-1
7,95,99,42,1
3,69,82,39,1
8,58,61,47,1
4,37,32,47,-1
5,32,63,63,1
6,33,81,34,1
4,71,32,38,-1
2,79,75,67,-1
6,79,92,96,1
4,87,64,61,1
1,99,35,44,-1
7,30,48,64,-1
3,30,56,91,-1
5,80,82,45,1
5,58,72,91,1
5,74,51,52,-1
4,45,48,96,1
4,67,32,33,1
4,94,97,97,-1
2,42,33,36,-1
8,38,68,39,1
2,61,74,58,-1
4,34,83,37,-1
1,37,47,96,-1
6,38,83,68,1
1,43,75,78,-1
1,97,85,80,-1
2,31,55,44,-1
3,87,92,50,1
6,91,56,73,-1
4,51,33,78,-1
2,75,40,39,-1
3,57,57,49,-1
4,36,35,57,1
3,90,46,85,1
8,34,67,86,-1
3,65,30,95,-1
8,30,99,72,1
6,93,52,68,1
2,47,51,54,-1
4,55,84,94,1
7,76,38,64,-1
5,97,56,80,1
6,88,58,86,1
3,94,95,34,-1
6,68,54,43,-1
8,70,98,86,1
3,56,95,34,1
8,77,73,95,1
5,55,78,89,1
5,77,66,61,1
2,62,86,96,-1
6,98,63,48,1
1,41,88,75,-1
3,73,57,52,-1
6,65,75,65,1
1,85,89,34,1
2,94,42,54,-1
4,55,41,76,1
7,50,45,81,-1
7,39,95,52,-1
2,68,71,52,-1
1,89,75,98,-1
6,55,60,63,1
1,63,34,94,-1
7,93,45,73,1
2,43,87,40,1
5,31,56,59,-1
7,33,99,87,1
6,62,39,88,1
6,91,70,49,1
3,49,45,73,-1
2,71,92,88,-1
5,63,95,96,-1
1,74,99,97,-1
7,96,46,79,1
6,31,43,33,1
5,40,44,38,-1
8,95,59,49,1
6,64,85,63,1
2,91,55,30,-1
7,67,84,71,1
4,77,80,50,1
5,84,78,48,1
2,43,97,45,-1
3,77,57,68,-1
8,62,35,90,1
2,77,94,93,-1
6,47,38,34,1
8,35,38,68,-1
5,58,54,62,-1
3,95,88,66,-1
2,40,43,93,-1
7,51,36,93,1
8,43,77,41,1
6,50,48,54,1
8,59,92,85,1
3,91,63,69,-1
1,71,44,79,-1
7,44,89,40,1
3,59,64,51,1
1,46,72,68,-1
2,83,76,34,-1
5,73,99,64,1
7,55,88,34,1
5,31,78,53,-1
6,78,40,60,1
1,51,40,83,-1
1,70,81,81,-1
4,82,83,32,1
2,80,50,92,1
4,63,48,79,-1
5,95,66,33,1
4,91,79,83,1
2,31,76,91,-1
8,32,64,48,1
4,32,36,65,-1
8,61,56,63,1
6,60,56,65,1
6,58,50,77,-1
8,75,38,78,1
5,37,62,55,1
2,86,95,66,-1
5,34,80,46,1
1,65,41,49,-1
4,37,63,39,1
7,99,81,60,1
4,80,96,72,-1
5,86,32,55,-1
8,88,52,82,1
1,50,60,59,-1
2,82,32,93,-1
7,35,42,42,1
8,62,68,30,1
2,41,48,87,-1
6,96,97,88,1
7,46,35,32,-1
4,50,85,36,-1
7,54,79,80,1
6,88,93,59,1
1,37,39,32,-1
3,35,56,88,-1
1,79,50,92,1
3,40,32,96,-1
7,72,84,86,1
3,31,32,72,-1
2,75,63,40,1
5,41,59,47,-1
2,67,88,68,-1
3,45,30,50,-1
7,99,40,40,1
1,48,88,48,-1
1,40,77,99,-1
7,95,70,65,1
7,86,98,96,1
8,83,53,73,1
5,54,93,74,1
5,67,98,97,1
6,35,92,94,-1
5,63,34,42,-1
7,69,99,37,1
5,33,51,86,-1
7,78,93,31,1
3,52,87,76,-1
3,30,90,66,1
7,87,65,32,1
7,90,82,71,1
5,37,33,51,-1
6,47,60,45,-1
7,76,38,69,1
3,68,56,86,1
4,77,65,74,1
4,68,57,62,1
7,70,95,98,1
1,87,63,66,-1
3,38,63,52,-1
5,62,30,88,-1
5,87,86,50,1
3,74,33,69,-1
4,83,31,78,-1
3,96,73,40,-1
3,73,95,95,1
3,45,97,62,1
1,38,65,48,-1
2,69,72,65,1
5,93,82,45,1
2,46,63,71,-1
6,37,51,97,-1
4,48,44,82,1
1,91,74,63,1
4,58,97,88,1
3,60,38,32,-1
3,57,97,31,-1
2,84,85,38,-1
4,90,83,79,1
4,61,85,77,1
1,81,63,92,-1
8,76,82,45,1
1,88,79,95,1
8,54,36,99,-1
6,32,88,38,1
7,75,38,67,-1
6,57,72,71,1
7,67,51,90,1
7,79,73,91,1
1,86,67,87,1
5,84,55,51,1
5,51,41,39,-1
5,46,47,48,-1
7,66,84,97,1
7,48,83,56,1
5,38,90,70,1
6,84,30,68,-1
5,97,87,54,1
5,38,31,64,-1
1,70,72,68,-1
4,30,96,99,1
4,79,35,35,-1
3,97,60,41,1
1,32,31,81,-1
2,34,95,99,1
5,51,46,87,-1
6,48,82,38,1
3,64,65,63,-1
3,96,51,40,1
5,42,51,72,-1
4,98,92,59,-1
7,30,76,40,1
2,73,69,32,-1
6,48,94,85,-1
4,96,64,69,1
5,57,76,72,1
2,86,57,57,-1
8,59,48,78,1
5,96,41,67,1
7,72,48,82,1
6,59,84,69,1
3,87,37,34,1
5,52,77,66,-1
1,58,52,41,-1
7,56,98,93,1
8,97,87,54,1
2,89,91,50,-1
5,78,83,95,1
4,62,51,84,1
3,40,80,91,-1
5,55,76,89,1
7,76,43,36,1
6,52,33,79,-1
2,69,73,61,-1
4,87,98,33,-1
5,63,51,78,1
7,43,68,56,-1
8,92,94,39,1
4,59,44,41,-1
4,91,55,61,1
4,72,99,56,-1
3,36,82,93,-1
8,96,89,63,1
8,88,30,94,1
7,53,99,97,1
2,74,38,77,-1
7,86,54,99,1
8,45,53,94,1
7,95,81,79,1
6,52,75,63,1
1,48,95,71,-1
2,67,85,62,1
8,54,75,39,1
4,59,61,40,-1
8,76,37,63,1
8,87,37,89,1
4,73,82,86,1
6,37,60,81,1
1,68,53,50,-1
2,69,40,69,1
6,84,88,86,1
4,78,30,39,-1
8,76,75,49,1
3,92,86,34,-1
7,30,84,50,1
5,89,46,54,1
8,68,81,34,1
6,60,47,69,1
5,84,40,36,1
4,96,51,44,-1
3,61,32,68,-1
6,34,35,51,-1
3,30,41,45,-1
7,31,62,47,-1
3,52,46,39,-1
3,66,94,96,1
1,73,49,84,-1
6,84,32,69,1
7,74,49,36,-1
6,73,72,71,1
6,41,61,71,1
7,96,97,40,1
7,52,78,61,1
8,51,67,66,1
2,51,57,90,-1
2,75,72,57,-1
1,35,33,85,-1
2,85,85,80,-1
2,97,77,86,-1
7,83,30,38,-1
2,80,75,50,-1
8,30,39,46,1
6,39,80,93,1
7,47,48,53,-1
4,32,65,78,-1
1,67,43,35,-1
7,54,82,58,1
1,75,65,62,-1
4,78,83,63,1
4,72,30,61,-1
2,44,31,52,-1
4,45,73,65,1
4,40,49,81,-1
6,31,72,92,-1
3,69,82,68,1
7,50,94,58,-1
5,67,49,79,1
8,33,66,56,1
3,70,61,96,-1
6,45,60,44,1
3,98,91,91,1
2,68,94,70,-1
8,78,74,94,1
6,48,90,97,-1
6,55,63,56,-1
8,96,44,91,1
2,93,93,53,1
4,80,82,89,1
3,33,42,86,-1
2,68,68,58,-1
1,41,56,50,-1
4,36,85,90,1
1,32,35,45,-1
8,41,64,30,1
6,52,58,76,-1
1,35,58,31,-1
8,64,56,65,-1
3,67,36,93,-1
7,45,33,32,-1
3,55,35,54,-1
6,67,84,44,1
7,68,68,61,1
2,43,53,86,-1
6,87,46,72,1
1,34,63,85,-1
3,97,82,45,1
6,65,87,82,1
4,94,43,61,-1
5,86,38,63,1
2,41,74,86,-1
3,78,58,88,-1
3,95,78,85,-1
7,73,47,84,1
1,57,92,99,-1
6,70,76,80,1
8,69,70,44,1
6,62,79,57,1
7,31,93,50,1
2,71,82,46,-1
4,71,31,36,1
6,70,38,30,-1
7,56,59,61,1
6,85,58,78,-1
6,51,69,90,-1
5,41,37,67,1
8,72,39,65,1
8,54,69,49,-1
7,39,92,93,1
5,50,38,85,-1
2,43,79,77,-1
5,32,31,32,-1
4,36,38,36,-1
2,36,60,91,-1
6,54,65,45,1
3,91,41,70,-1
3,57,94,98,-1
7,95,60,72,1
3,35,64,62,-1
3,59,81,33,-1
1,32,64,48,-1
4,53,93,86,1
7,30,41,44,-1
8,59,44,50,-1
2,55,53,68,-1
3,68,93,63,-1
2,68,75,62,-1
6,65,77,51,1
8,95,37,99,1
6,96,80,35,1
3,30,88,91,-1
3,60,92,66,1
7,79,57,34,1
2,46,75,84,-1
5,86,39,86,1
2,42,50,47,-1
7,85,68,86,1
5,36,46,93,1
2,66,51,31,-1
2,91,39,63,-1
7,82,98,34,-1
7,82,68,61,1
1,51,98,47,1
1,83,76,83,-1
2,79,75,63,1
7,50,78,40,1
6,57,46,77,-1
6,86,65,73,-1
7,62,76,80,1
8,65,52,79,1
7,98,45,78,1
3,50,33,94,1
3,92,53,88,1
6,72,95,53,-1
6,94,39,33,1
4,66,79,89,1
4,50,67,76,1
1,87,85,73,-1
1,50,35,36,-1
8,73,77,49,1
6,82,55,86,1
6,77,58,95,1
5,99,43,53,-1
4,56,93,65,1
7,40,94,32,1
4,93,54,51,1
2,98,86,69,1
4,82,86,63,-1
5,90,92,62,1
1,63,36,43,-1
4,48,67,43,-1
7,61,31,88,-1
3,61,43,69,-1
1,80,71,46,-1
4,60,35,30,1
4,95,59,93,1
2,36,64,65,1
1,37,37,33,-1
2,46,57,64,-1
6,66,37,48,-1
2,59,38,60,-1
2,38,64,78,-1
6,73,89,80,1
2,65,91,91,1
5,55,86,42,1
1,40,90,85,-1
7,39,40,33,1
7,64,42,77,-1
6,56,99,34,-1
4,61,56,93,1
4,54,80,34,1
5,74,44,73,-1
7,63,97,89,1
3,79,95,47,1
7,46,52,48,1
3,51,92,89,1
7,52,73,33,1
2,57,53,70,-1
8,37,94,77,1
4,69,43,79,-1
2,90,82,42,-1
2,78,47,65,-1
6,66,68,62,1
2,57,51,75,-1
4,94,31,40,-1
2,90,84,75,-1
1,46,65,37,-1
4,97,67,59,1
1,78,95,67,-1
5,68,56,55,-1
4,98,71,91,-1
6,51,72,94,-1
3,46,41,66,-1
2,41,43,48,-1
3,93,40,68,1
7,90,63,98,1
7,94,85,74,1
4,67,37,38,1
4,59,65,71,-1
8,51,70,65,1
3,83,76,89,-1
5,42,39,34,-1
4,31,42,71,-1
6,46,97,42,-1
5,35,93,82,1
6,51,68,35,-1
4,49,86,88,-1
2,58,31,87,-1
2,73,33,31,-1
2,40,32,64,-1
4,32,81,36,-1
7,30,85,72,1
2,51,82,74,-1
5,97,44,94,-1
5,92,36,62,1
2,62,31,65,-1
3,48,87,49,1
1,56,92,58,-1
8,89,31,50,1
5,88,34,68,1
8,82,78,39,1
6,55,91,82,1
4,30,32,57,-1
2,66,35,84,-1
3,86,91,55,1
3,97,65,56,-1
5,31,80,99,1
1,54,60,77,-1
6,91,57,60,1
8,89,30,40,1
8,52,64,94,1
6,51,65,72,1
8,41,45,80,1
7,43,89,87,1
4,65,68,72,1
1,77,99,36,-1
1,62,32,51,-1
3,84,75,97,1
4,32,57,81,-1
5,37,43,68,-1
2,31,82,51,-1
3,30,73,92,-1
8,98,52,54,1
2,84,68,41,-1
8,52,88,59,1
1,83,47,96,-1
7,35,64,41,-1
8,81,69,40,1
8,38,99,61,1
2,35,71,79,-1
7,81,80,81,1
8,56,99,81,1
6,63,88,67,1
5,82,39,30,-1
1,54,56,48,-1
3,51,78,68,1
5,49,71,98,-1
2,70,55,85,-1
4,41,71,77,-1
8,91,34,75,1
6,44,88,56,-1
3,60,85,50,-1
6,84,69,64,1
7,92,89,63,1
1,95,87,55,1
7,49,85,67,-1
5,32,53,84,-1
5,38,42,39,-1
1,69,34,37,-1
1,85,32,75,-1
4,52,73,66,-1
4,49,89,75,-1
1,32,59,57,-1
3,72,93,31,-1
2,52,62,47,-1
4,68,81,71,1
6,43,44,57,1
4,66,51,35,-1
8,94,75,38,1
7,43,56,37,1
2,63,68,77,-1
6,90,70,57,1
4,46,74,64,-1
7,64,93,87,1
5,47,65,49,1
8,46,61,71,1
5,65,68,96,1
4,43,34,83,-1
3,89,53,96,-1
5,59,63,55,1
8,55,61,44,1
1,53,76,69,-1
7,54,62,64,-1
2,58,75,98,-1
4,78,92,91,1
7,51,86,75,1
4,70,44,49,-1
4,44,54,30,1
8,84,63,64,1
7,37,68,92,1
7,84,71,56,1
3,73,37,31,1
5,59,93,84,-1
4,96,33,50,-1
6,98,60,43,1
3,56,89,35,-1
4,67,38,78,-1
7,64,85,42,-1
6,32,95,95,-1
6,91,35,87,1
5,69,42,82,-1
4,34,34,88,-1
7,43,89,39,1
6,56,62,87,1
1,43,63,75,-1
5,92,44,52,-1
6,76,78,56,1
7,40,56,78,1
5,78,67,39,1
3,56,61,47,-1
8,55,35,64,1
5,52,47,97,-1
6,36,94,75,1
6,71,42,34,1
5,31,37,34,-1
1,37,58,71,-1
3,45,50,56,-1
7,95,89,63,1
5,78,96,72,1
3,62,48,64,1
1,88,47,89,-1
8,63,66,73,1
8,77,94,71,1
3,46,90,31,-1
6,45,85,34,1
2,68,86,47,-1
1,96,68,68,-1
3,68,52,80,-1
5,43,95,89,1
7,51,75,53,-1
3,57,45,47,-1
7,91,89,69,1
8,93,46,54,1
6,61,70,79,-1
1,87,77,46,-1
3,70,91,35,-1
5,54,41,34,1
7,94,57,43,1
2,30,49,71,-1
2,78,58,56,-1
4,84,45,81,-1
7,64,38,91,-1
5,33,99,30,1
7,47,72,94,1
2,50,84,50,-1
6,59,80,32,1
3,43,75,83,-1
8,96,53,76,1
3,81,81,82,-1
1,60,88,92,-1
4,47,70,45,-1
7,81,40,38,1
1,50,36,40,-1
4,84,93,80,1
8,60,30,68,-1
1,84,90,67,-1
3,80,64,60,-1
6,68,60,92,1
1,89,88,84,-1
5,91,34,33,-1
2,74,65,68,-1
6,48,50,71,1
3,62,44,58,-1
1,54,38,68,-1
2,81,69,48,-1
1,99,41,50,-1
8,46,47,97,-1
5,75,65,72,1
3,82,55,52,-1
2,62,62,30,-1
3,59,81,72,-1
8,90,53,89,1
2,54,97,33,-1
3,48,53,93,-1
5,72,48,52,-1
5,73,67,30,1
2,75,95,59,-1
6,85,75,86,1
3,45,68,91,-1
4,84,55,46,-1
5,54,51,73,-1
8,73,69,93,1
2,77,46,43,-1
7,76,84,44,1
4,70,78,96,1
7,36,79,46,1
2,56,33,63,-1
6,75,59,67,1
1,48,83,33,-1
7,60,96,45,1
1,39,95,90,-1
8,61,72,99,1
5,41,60,37,1
7,84,40,50,1
6,82,90,30,1
2,36,93,79,-1
3,70,59,61,1
4,53,66,58,-1
7,41,63,39,1
5,75,36,71,1
2,78,66,91,-1
3,86,79,92,-1
3,36,80,47,1
1,59,69,45,-1
6,34,84,36,-1
3,44,89,57,1
7,53,53,76,1
3,90,47,48,-1
1,83,76,95,-1
7,62,40,75,1
3,87,56,62,-1
5,90,99,67,1
3,48,57,83,-1
6,89,65,67,1
6,55,75,66,-1
4,35,57,91,1
3,48,64,38,-1
6,62,78,63,1
4,80,57,30,-1
3,82,48,63,-1
4,72,81,97,1
8,97,46,78,1
2,75,43,95,-1
2,36,76,75,-1
6,68,96,93,1
7,73,43,80,1
7,62,90,83,1
8,88,70,37,1
3,57,65,67,-1
7,43,40,91,1
6,65,84,83,1
2,64,42,56,-1
3,85,98,47,-1
8,44,45,78,1
7,92,77,86,1
2,86,49,35,-1
6,45,54,37,-1
6,60,89,62,1
2,46,46,88,-1
8,91,80,90,1
3,82,70,33,1
1,37,32,37,-1
3,50,85,37,-1
8,80,32,98,1
5,64,70,33,-1
3,91,50,96,1
4,81,40,41,-1
5,89,55,90,1
3,80,94,53,1
4,36,95,39,-1
4,73,47,96,1
8,68,81,38,1
1,81,96,87,1
2,72,67,80,-1
5,93,92,55,1
6,61,47,63,-1
5,57,52,52,-1
1,71,48,47,-1
8,72,89,50,1
4,96,48,60,-1
6,85,91,71,1
1,56,40,38,-1
1,72,43,67,-1
3,70,80,72,-1
6,74,93,72,1
1,65,56,92,1
6,50,78,50,1
2,62,30,86,-1
7,39,68,75,1
8,76,89,51,1
4,90,38,92,-1
6,57,57,90,1
2,87,82,30,-1
1,71,95,83,-1
2,51,31,51,-1
3,51,42,96,1
4,37,48,76,-1
1,40,89,75,-1
1,53,48,50,-1
8,42,91,40,1
6,33,70,31,1
6,36,47,55,-1
1,75,40,65,-1
2,44,30,86,-1
2,83,77,66,-1
4,79,61,55,1
4,47,54,65,-1
3,96,39,66,1
5,34,44,85,1
4,95,76,96,-1
2,30,42,86,-1
3,44,96,61,-1
7,73,40,58,1
8,44,98,66,1
3,65,97,45,1
1,67,84,51,-1
7,35,34,33,-1
5,81,54,86,-1
4,90,89,46,-1
5,71,97,95,1
6,60,73,92,1
2,80,75,93,1
2,30,72,97,-1
5,63,93,88,1
8,92,86,66,1
7,31,56,80,1
8,98,39,81,1
6,44,81,67,1
6,35,49,46,1
2,50,57,89,-1
6,78,36,77,1
8,86,92,37,1
1,44,90,87,-1
8,56,33,54,-1
7,80,71,44,1
6,35,55,33,1
2,88,62,75,1
5,49,83,44,1
3,64,47,58,-1
5,49,47,59,-1
4,65,95,40,1
7,87,58,36,1
7,66,40,34,-1
3,71,80,74,1
2,99,74,82,1
2,73,94,61,-1
6,88,89,89,1
8,31,48,73,1
7,46,33,41,-1
6,67,78,41,1
1,60,75,72,-1
5,32,84,91,1
7,59,40,96,1
4,70,60,82,1
8,37,31,32,-1
6,38,98,78,1
1,93,60,45,-1
3,37,59,56,-1
1,91,45,54,-1
5,43,84,96,-1
3,69,74,82,1
8,82,85,40,1
4,60,55,57,-1
8,41,89,99,1
5,41,78,33,-1
7,88,62,36,1
6,41,81,85,-1
3,95,64,38,-1
7,56,48,53,1
1,80,62,47,-1
8,43,97,63,1
8,49,78,62,1
2,97,39,36,-1
8,50,80,85,1
5,36,76,59,1
8,59,82,34,1
1,69,84,61,-1
1,57,83,98,-1
4,91,77,31,1
8,48,87,42,-1
7,84,67,91,1
2,64,39,34,-1
7,42,55,84,-1
1,92,79,75,-1
4,47,50,38,1
5,95,33,32,-1
6,54,42,34,1
8,94,47,49,1
8,79,63,76,1
8,57,42,81,1
6,67,80,78,1
2,40,33,37,-1
4,99,45,43,1
6,30,72,82,1
3,94,55,43,-1
4,80,44,97,-1
8,49,86,87,1
4,65,44,72,1
8,83,72,86,1
5,34,58,94,1
7,31,93,92,1
3,40,59,75,1
7,90,49,87,1
4,48,90,93,1
1,58,57,90,-1
4,97,60,39,1
6,93,49,82,1
2,62,90,44,-1
3,75,33,45,-1
2,54,35,44,-1
6,47,88,45,1
2,66,82,92,1
3,36,47,59,-1
4,40,42,52,-1
4,54,67,55,-1
7,64,55,30,-1
5,86,33,89,-1
3,98,59,69,-1
3,39,30,73,-1
6,48,88,42,1
1,70,37,53,-1
5,49,38,92,1
4,54,42,78,-1
5,57,59,70,1
6,76,55,74,1
3,31,33,90,-1
5,47,61,69,1
2,86,69,60,1
3,59,42,85,1
3,79,74,61,-1
1,58,56,54,-1
6,78,94,64,1
1,59,82,44,-1
2,35,94,41,-1
3,54,92,54,-1
5,77,65,53,1
2,96,96,62,1
3,76,33,48,-1
6,91,66,49,-1
1,42,51,81,-1
6,37,73,69,1
1,32,32,30,-1
3,72,49,62,1
2,95,42,99,-1
7,70,71,97,1
1,73,81,64,-1
7,57,51,77,1
1,71,49,67,-1
6,75,86,56,1
6,54,82,31,1
6,68,95,40,-1
4,75,41,82,-1
3,81,61,92,1
2,30,98,98,1
7,40,37,89,1
7,51,52,56,-1
3,48,38,89,-1
8,71,67,38,1
3,50,58,47,-1
3,60,67,36,-1
4,48,94,65,1
3,93,61,78,1
5,44,38,52,-1
6,49,42,98,1
7,89,72,31,1
5,88,82,75,-1
2,96,58,64,-1
2,33,86,91,-1
3,89,48,56,-1
3,54,79,85,-1
3,87,50,99,-1
2,47,45,97,-1
5,84,51,36,1
4,46,83,70,1
2,40,47,72,-1
3,86,69,88,-1
7,87,39,87,1
7,72,82,78,1
1,63,94,51,-1
5,36,38,36,-1
5,70,96,37,1
8,71,66,94,1
3,43,87,66,-1
2,43,45,59,-1
2,49,92,96,-1
2,95,64,63,-1
1,61,61,56,-1
2,96,32,43,-1
4,49,30,98,-1
2,57,74,40,-1
8,36,89,71,1
3,58,38,63,-1
7,89,37,94,1
7,52,46,51,1
6,58,50,45,1
5,81,83,50,1
8,60,44,55,1
1,53,52,54,-1
2,62,97,56,1
6,47,96,38,1
2,36,62,61,-1
8,39,78,60,-1
2,79,83,89,1
3,45,64,36,-1
5,45,68,45,1
4,54,31,92,-1
7,88,81,73,1
4,83,58,31,1
3,70,64,66,-1
3,36,63,37,-1
5,73,34,94,1
6,61,63,97,-1
4,70,77,68,1
8,33,70,73,-1
5,67,44,63,1
5,84,95,83,1
3,49,96,77,-1
2,59,45,62,-1
7,69,52,73,1
8,79,33,88,1
7,61,50,39,1
5,42,71,41,-1
5,35,53,70,1
6,78,56,75,1
7,39,46,97,1
5,37,94,91,-1
7,57,67,99,1
1,55,96,96,-1
3,90,58,60,-1
2,80,45,58,-1
1,66,38,66,-1
5,93,62,59,-1
3,62,69,83,-1
4,35,40,94,-1
7,56,66,97,1
8,53,33,62,1
3,71,47,65,-1
8,32,47,46,-1
4,62,97,59,-1
7,96,40,78,1
1,82,47,88,-1
5,61,93,66,-1
4,78,49,32,1
1,95,86,31,-1
2,53,60,53,-1
4,36,70,76,1
2,45,81,74,-1
5,93,54,61,-1
3,93,45,32,-1
4,40,85,78,-1
1,53,57,65,-1
2,52,46,89,-1
7,74,96,91,1
3,32,42,38,-1
7,66,90,52,1
6,85,96,82,1
2,69,32,54,-1
2,38,55,70,-1
3,92,36,95,1
5,57,56,31,-1
6,81,37,49,1
2,80,91,88,-1
3,59,51,95,1
7,44,89,46,1
7,34,70,34,1
2,81,53,76,-1
7,56,67,86,-1
3,30,69,80,-1
5,43,96,86,1
5,79,96,65,1
6,87,79,73,-1
2,30,63,49,-1
7,47,75,71,1
2,53,78,73,-1
8,63,43,61,-1
6,42,45,41,1
7,64,74,90,1
8,85,39,74,1
8,82,56,45,1
6,30,79,88,1
1,87,69,83,-1
1,82,82,84,1
4,96,37,52,-1
1,33,49,46,-1
8,56,49,48,1
4,51,42,52,-1
5,34,62,46,1
3,31,68,41,-1
7,64,93,85,1
8,40,50,78,-1
7,80,31,73,1
1,77,87,39,-1
4,41,30,98,-1
1,76,81,45,-1
1,60,79,96,-1
8,66,92,33,1
6,79,94,41,1
4,49,61,69,1
8,87,90,78,1
7,52,61,97,1
7,30,70,42,1
4,61,94,43,1
1,46,73,96,1
7,92,84,84,1
5,50,35,54,-1
3,68,77,95,-1
5,75,53,93,-1
3,73,74,82,-1
2,64,38,89,-1
5,50,62,41,1
5,86,82,44,1
6,33,76,33,1
4,42,40,54,-1
7,98,90,97,1
3,65,41,99,1
6,99,60,96,1
2,49,33,88,-1
5,48,99,53,1
6,41,97,83,1
6,57,41,93,1
2,45,90,89,-1
7,35,43,95,1
1,81,31,63,-1
5,82,73,67,-1
3,63,46,76,-1
4,69,60,92,1
4,76,39,59,1
2,52,56,97,-1
1,68,30,34,-1
5,74,75,82,1
3,42,68,72,1
8,68,82,55,1
2,78,66,48,1
3,36,76,95,-1
4,61,62,31,1
6,63,65,30,-1
1,67,44,73,-1
5,89,47,84,1
7,91,48,56,1
2,35,68,74,-1
1,53,37,80,-1
5,69,50,80,-1
1,48,46,41,-1
7,67,96,72,1
7,64,68,40,1
5,99,69,53,1
4,54,38,64,-1
5,41,30,88,-1
8,52,67,94,1
8,49,80,58,1
2,82,41,39,-1
4,46,46,58,1
6,89,61,56,-1
2,41,76,51,-1
6,82,51,64,-1
5,58,92,49,1
4,94,54,48,-1
8,56,38,72,1
7,50,30,37,-1
8,44,63,94,1
7,41,50,88,-1
1,89,53,46,-1
2,63,73,52,-1
8,76,52,54,1
5,41,38,97,-1
7,67,62,99,1
2,75,82,42,1
2,61,59,98,1
5,82,63,37,1
2,73,34,84,-1
2,63,73,45,-1
6,80,53,87,1
2,93,30,44,-1
6,56,94,66,1
1,40,90,45,-1
3,79,85,41,-1
1,57,79,73,-1
6,88,63,65,1
6,75,55,86,1
1,71,58,89,-1
4,99,41,49,1
4,45,91,73,-1
1,99,65,91,-1
4,69,93,88,1
3,38,63,45,-1
6,93,66,86,-1
5,62,93,71,-1
3,75,95,44,-1
6,80,87,78,1
6,56,33,60,-1
8,62,68,84,1
6,52,82,30,-1
5,70,97,76,1
8,66,95,37,1
2,83,53,33,-1
2,64,83,49,-1
2,70,93,97,-1
5,77,42,88,-1
6,79,98,82,-1
4,47,72,64,-1
1,70,97,36,-1
2,85,49,83,-1
7,38,76,50,1
6,97,38,78,-1
8,39,49,54,1
2,66,77,49,-1
3,38,51,49,-1
1,38,92,90,1
3,67,69,93,-1
1,66,50,88,-1
2,38,32,37,-1
1,94,40,34,-1
8,64,77,69,1
7,90,33,42,-1
6,68,31,60,1
7,57,38,73,1
7,74,80,53,1
3,44,44,47,-1
8,97,85,30,1
5,52,98,39,-1
7,39,85,95,-1
1,87,62,54,-1
4,70,35,52,1
5,68,69,66,-1
2,73,72,44,1
2,39,31,62,-1
1,77,48,88,1
6,80,84,89,1
2,94,98,42,-1
7,57,34,85,1
5,54,57,91,-1
8,47,74,60,1
8,34,67,32,1
8,85,96,39,1
3,43,38,56,-1
8,33,84,67,1
8,81,54,60,1
6,68,40,47,1
7,41,89,54,1
8,45,54,54,1
3,35,43,40,-1
3,59,41,32,1
2,59,41,88,-1
6,70,32,61,1
4,52,65,96,-1
4,97,43,91,-1
7,58,71,34,1
5,59,73,85,1
4,98,92,89,1
2,80,83,41,-1
5,55,86,66,-1
4,45,85,84,-1
5,45,68,94,-1
7,55,88,92,1
8,40,67,38,-1
1,61,96,88,-1
4,54,93,35,-1
7,49,56,84,1
5,64,43,77,-1
2,78,89,83,1
2,36,32,36,-1
2,36,58,97,-1
3,38,33,34,-1
3,30,40,87,-1
7,80,37,31,-1
2,42,42,31,-1
4,72,64,44,1
6,93,54,84,1
6,40,46,83,-1
1,97,95,61,-1
5,43,44,41,-1
2,47,72,60,-1
4,63,42,59,-1
4,56,35,54,-1
8,30,37,85,1
5,50,77,62,1
8,43,51,52,1
4,51,74,34,-1
7,51,60,58,-1
6,98,90,84,1
8,58,94,95,1
1,62,89,34,-1
3,39,62,80,-1
4,55,90,85,1
7,85,98,57,1
8,57,65,31,1
2,62,60,74,-1
4,81,73,89,1
7,71,41,96,-1
7,33,58,74,1
8,46,56,93,1
7,51,57,88,1
4,45,30,76,-1
4,40,72,88,-1
3,82,55,93,1
3,69,54,58,-1
3,86,42,90,-1
7,92,51,95,1
2,65,67,92,1
4,86,50,98,-1
5,96,69,86,1
2,56,72,50,-1
8,71,52,32,-1
4,78,58,96,1
7,74,63,75,1
6,41,83,44,-1
5,86,79,68,1
2,77,43,45,-1
4,58,36,63,1
1,99,69,37,-1
5,64,56,81,1
6,63,48,60,-1
7,48,79,61,1
5,39,34,32,1
3,40,84,94,1
8,95,79,51,1
1,76,34,89,-1
8,72,56,51,1
3,31,77,98,-1
8,61,71,95,1
4,40,37,43,1
6,56,37,68,-1
7,93,53,68,1
2,31,76,51,-1
3,65,77,41,-1
7,69,63,57,1
8,38,49,49,1
5,90,90,30,1
8,91,73,63,1
6,92,71,34,1
1,99,36,58,1
1,74,71,69,-1
6,80,77,73,1
8,32,95,93,1
7,69,69,78,1
4,66,40,44,1
5,99,79,31,1
2,71,51,91,1
4,79,58,40,-1
3,90,74,37,-1
4,98,96,47,1
5,92,92,73,1
7,31,63,66,-1
1,60,44,71,-1
7,97,61,68,1
8,80,86,53,1
2,44,97,74,-1
2,69,45,54,1
7,73,84,85,1
3,98,36,41,-1
8,66,37,38,1
8,78,43,33,-1
3,67,94,62,1
6,65,59,63,1
1,80,36,33,-1
3,87,85,70,1
4,57,43,91,1
5,45,85,69,1
1,88,63,49,-1
3,56,72,56,1
2,79,39,76,1
7,64,34,84,1
4,30,39,69,-1
7,60,93,64,1
3,59,60,80,1
3,69,56,67,-1
1,90,56,93,-1
5,87,59,87,1
3,98,30,92,-1
5,54,32,59,-1
3,65,97,57,-1
1,99,30,77,-1
6,32,66,97,-1
6,41,33,77,-1
2,65,53,96,-1
8,57,61,75,1
1,33,66,53,-1
5,57,40,99,1
7,88,99,83,1
5,72,68,32,-1
2,80,76,80,-1
4,83,73,55,1
6,84,30,96,-1
7,64,75,72,-1
8,77,40,97,1
8,35,88,88,-1
4,39,32,72,1
8,88,48,92,1
8,54,42,99,1
8,85,74,41,1
5,84,87,34,1
6,30,95,41,1
1,65,77,78,-1
1,92,43,56,-1
4,53,90,69,1
7,83,91,76,1
6,81,96,69,1
7,39,77,92,1
1,61,65,66,-1
4,70,32,95,-1
8,95,96,62,1
1,59,50,65,-1
4,34,46,92,-1
7,35,41,49,-1
6,63,49,71,-1
2,81,77,41,-1
8,70,61,83,1
3,51,61,94,-1
1,75,88,84,1
7,67,88,58,1
3,60,30,68,-1
4,94,38,56,-1
3,41,58,52,-1
6,95,71,62,1
8,58,92,68,1
1,33,35,70,-1
7,39,59,79,-1
1,32,52,76,-1
5,58,70,63,1
8,65,79,73,1
2,74,92,81,1
6,82,91,71,1
8,63,44,73,1
3,49,83,59,-1
6,81,31,46,-1
4,40,90,65,-1
4,30,81,53,1
5,46,69,34,-1
8,60,74,33,1
1,77,38,33,-1
6,64,99,93,1
6,78,55,46,-1
1,81,68,53,-1
2,75,73,50,-1
8,87,86,63,1
1,64,31,64,-1
5,40,63,72,1
2,61,45,73,-1
8,33,74,90,-1
2,61,57,79,-1
1,92,60,40,-1
5,77,35,79,-1
2,91,57,51,1
7,95,87,87,1
6,43,42,37,1
7,87,53,73,1
2,73,84,63,-1
6,36,46,52,-1
4,74,35,48,1
2,51,42,52,-1
1,40,43,59,-1
3,61,94,85,-1
4,42,47,93,-1
2,80,43,81,-1
7,50,30,77,1
5,83,32,36,-1
5,46,53,95,1
4,39,90,98,1
7,57,91,35,1
7,57,53,31,-1
6,34,56,93,1
7,30,76,58,1
1,33,36,94,-1
6,57,36,67,-1
7,77,47,71,1
7,40,73,84,1
6,39,79,45,-1
6,55,49,43,-1
8,59,96,44,1
2,33,81,90,1
6,36,41,79,1
7,82,36,58,1
8,81,37,50,1
8,58,87,33,1
8,84,48,54,1
2,68,45,87,-1
1,33,43,34,-1
1,73,68,35,-1
6,67,38,79,1
5,86,41,73,-1
8,50,42,88,1
3,69,65,79,1
8,58,57,35,1
2,77,59,32,-1
1,36,61,72,-1
1,60,78,81,1
1,86,56,91,1
1,63,66,37,-1
1,72,43,49,-1
3,98,60,35,-1
8,47,31,49,1
5,63,47,48,-1
1,63,34,81,-1
8,63,56,46,-1
7,36,34,32,1
5,99,79,94,1
3,99,82,45,-1
2,73,37,82,-1
2,74,78,50,-1
7,59,99,48,1
4,37,37,83,-1
5,56,52,96,-1
3,67,89,86,1
4,48,77,50,-1
2,84,54,37,-1
5,62,99,78,1
5,77,92,40,-1
2,52,33,38,-1
1,85,59,59,-1
5,56,63,81,-1
2,41,74,60,-1
2,98,54,99,-1
2,94,97,89,-1
7,93,92,60,1
5,35,76,32,-1
3,64,81,79,1
2,36,48,30,-1
8,70,67,98,1
2,40,80,81,-1
4,68,75,71,1
6,48,60,31,1
4,67,51,73,1
8,66,31,79,1
5,80,47,73,1
4,89,49,84,1
1,76,95,56,1
7,41,77,34,-1
3,98,61,57,1
4,76,46,95,1
3,40,55,63,1
8,40,44,43,-1
6,65,59,41,-1
6,60,57,51,-1
7,92,72,47,1
6,99,40,89,1
1,78,97,49,-1
3,48,94,89,-1
7,77,52,48,-1
6,74,30,41,1
1,93,58,75,-1
2,46,68,64,-1
1,75,81,77,-1
2,77,60,68,1
4,99,47,70,-1
7,64,45,47,1
5,57,32,87,1
5,66,76,41,1
4,82,70,99,-1
5,76,81,43,1
3,70,52,46,1
5,90,48,80,1
1,80,46,74,-1
6,42,47,42,-1
2,79,80,34,-1
6,38,95,82,1
6,97,61,54,-1
6,44,39,51,-1
8,50,44,39,-1
4,89,57,88,1
4,82,50,49,1
5,72,56,88,-1
8,79,41,49,-1
6,50,40,66,-1
2,76,36,80,1
5,89,54,68,1
4,73,75,75,-1
3,74,58,89,1
4,60,35,51,1
8,64,77,80,1
3,83,45,39,1
7,44,32,58,-1
8,39,82,66,1
6,74,38,52,-1
5,86,83,99,1
7,78,84,38,1
5,68,98,79,1
3,66,44,71,-1
7,60,44,81,1
8,55,72,65,1
6,89,48,73,1
8,82,43,49,-1
5,90,78,65,1
3,87,76,43,-1
6,34,50,72,1
3,65,95,83,1
8,41,90,96,1
4,89,92,73,1
6,94,87,84,1
4,91,48,40,1
1,88,95,94,-1
1,44,47,62,-1
8,95,54,80,1
8,64,83,80,1
3,39,53,94,-1
1,43,38,87,-1
3,42,83,70,1
1,90,59,35,-1
5,68,84,34,1
6,32,37,60,-1
3,93,76,83,1
2,37,56,36,-1
5,91,50,83,1
8,88,58,63,1
1,81,85,35,-1
4,69,86,44,-1
2,53,98,85,-1
8,81,40,43,1
2,70,73,79,1
7,42,44,71,-1
3,73,40,61,1
4,90,85,70,1
5,36,72,77,1
6,97,86,48,1
2,77,85,89,-1
6,51,61,66,1
1,91,53,56,-1
8,33,83,71,-1
5,36,84,66,1
7,81,86,64,1
5,69,98,34,-1
3,45,38,59,-1
4,92,62,43,-1
5,86,96,63,1
4,49,83,69,1
4,79,44,70,1
7,77,35,93,1
1,36,30,36,-1
7,97,65,37,1
1,40,77,84,-1
3,60,93,94,-1
4,34,93,40,-1
8,73,91,83,1
3,37,63,43,1
6,90,73,71,1
1,59,94,90,-1
5,57,67,77,1
5,44,47,48,-1
5,58,79,36,1
7,61,70,91,-1
6,92,33,39,1
5,92,70,84,1
2,69,84,32,-1
1,36,92,53,-1
1,43,36,35,-1
8,65,53,75,1
2,94,64,59,-1
6,90,79,38,1
7,90,90,58,1
8,77,95,71,1
2,35,35,82,-1
4,68,49,65,-1
5,52,96,95,1
6,90,67,83,1
2,30,95,46,-1
7,88,76,95,1
4,66,86,97,1
1,32,88,55,-1
7,41,94,91,1
4,62,83,41,-1
3,59,56,37,-1
2,48,31,31,-1
6,76,33,90,-1
8,36,31,73,1
2,31,56,61,-1
2,53,97,38,1
2,30,63,75,-1
8,92,51,81,1
8,71,51,99,1
3,81,66,46,-1
3,43,75,93,1
6,32,39,48,1
1,69,53,30,-1
6,40,80,86,-1
3,64,68,42,-1
4,97,67,62,-1
4,88,82,95,1
2,96,50,87,1
5,49,75,44,1
1,83,90,73,-1
3,44,79,77,1
1,80,62,66,-1
1,93,91,85,-1
3,75,41,49,-1
1,68,31,86,-1
2,83,82,92,1
5,63,67,63,1
3,92,53,33,-1
4,52,36,49,-1
4,46,91,69,-1
8,40,85,43,1
7,33,64,79,1
3,36,33,36,-1
2,87,91,77,1
8,98,58,35,1
8,31,51,61,1
8,98,95,84,1
7,68,46,58,-1
1,76,65,49,-1
6,75,43,44,1
2,57,66,93,-1
2,96,96,94,1
2,65,38,41,-1
1,32,60,65,-1
3,59,58,85,1
7,74,60,46,-1
4,48,32,60,-1
5,59,88,76,1
1,66,72,39,-1
2,48,55,75,-1
3,68,73,37,1
3,32,74,53,-1
3,71,90,52,1
6,55,40,30,-1
5,76,52,39,1
5,63,32,54,1
6,41,47,69,1
7,57,87,71,1
4,65,47,98,-1
6,87,98,38,1
6,60,96,36,1
2,78,34,45,-1
8,51,77,83,1
6,54,32,36,-1
5,35,40,58,-1
7,49,95,55,1
8,65,90,67,1
4,45,91,82,-1
6,38,42,48,-1
2,81,55,85,-1
8,71,33,45,-1
1,40,75,58,-1
7,98,86,38,1
6,40,32,33,-1
2,86,82,60,-1
2,45,57,65,-1
8,73,84,70,1
1,88,90,77,-1
4,69,99,34,1
4,58,71,36,1
3,53,73,56,-1
2,64,52,62,-1
4,55,92,31,-1
4,78,50,70,-1
6,99,35,45,-1
1,35,34,90,-1
4,79,67,32,1
4,37,46,43,-1
7,63,91,44,1
7,84,31,56,1
6,49,51,89,1
6,64,84,50,1
4,66,31,47,-1
4,71,52,56,1
6,71,65,37,1
2,77,56,90,-1
2,90,51,99,-1
1,92,84,86,-1
6,46,98,31,1
8,66,45,50,-1
5,64,45,84,-1
2,39,66,65,-1
2,78,80,69,-1
2,34,79,85,-1
8,98,80,55,1
7,83,65,69,1
7,35,33,41,-1
1,40,93,64,-1
2,91,90,57,-1
3,50,94,95,-1
3,58,65,63,-1
8,42,86,56,1
1,71,50,57,-1
8,44,41,46,-1
8,81,61,41,1
4,56,93,99,-1
5,65,71,45,1
8,92,30,78,1
4,65,82,53,-1
3,70,62,88,-1
3,75,93,35,-1
8,33,55,86,1
4,87,57,53,-1
2,37,36,47,-1
3,38,78,62,-1
1,91,56,82,-1
3,91,75,30,-1
4,79,83,49,1
6,88,69,31,1
5,38,68,71,-1
2,80,71,80,1
6,55,85,64,-1
6,97,89,88,1
4,69,46,52,-1
6,41,97,69,1
5,65,66,46,1
4,67,91,80,1
4,39,44,30,-1
7,81,52,77,1
6,82,78,95,1
6,65,40,42,1
7,35,67,53,1
4,87,99,51,-1
4,61,90,61,-1
3,74,30,78,1
1,75,80,87,-1
6,84,80,67,1
6,39,78,42,1
4,35,31,76,-1
1,77,67,46,-1
8,51,89,45,1
4,52,36,48,-1
7,92,37,53,-1
2,80,36,98,1
2,66,84,72,1
1,52,66,96,-1
1,38,79,74,-1
3,71,31,76,-1
2,93,98,96,1
8,45,52,73,-1
8,48,48,90,1
3,73,37,66,-1
4,74,97,78,-1
3,71,84,38,-1
2,38,58,97,-1
1,46,96,98,1
4,46,48,62,-1
6,99,77,44,1
3,54,61,77,-1
3,88,59,67,-1
6,68,71,77,1
3,62,77,58,1
8,56,50,72,1
6,97,52,83,-1
5,92,88,71,1
8,30,64,43,-1
5,68,81,89,1
5,30,84,70,-1
1,97,97,60,1
6,78,67,64,-1
4,62,95,65,1
7,56,41,97,1
3,49,44,30,-1
2,35,52,62,-1
2,30,87,36,-1
1,30,89,63,-1
5,96,80,75,-1
1,36,77,59,-1
6,38,78,74,-1
8,70,53,42,1
5,34,54,65,-1
2,76,33,84,-1
8,86,44,53,-1
4,44,79,63,1
3,95,77,60,1
1,94,71,34,-1
4,45,68,46,1
3,91,67,46,-1
4,93,98,55,1
3,78,82,61,-1
3,75,75,81,-1
3,58,53,85,-1
4,93,97,97,1
4,82,96,75,1
6,71,50,87,1
3,50,90,41,-1
6,48,52,38,-1
7,58,98,52,1
5,32,95,37,-1
8,61,94,32,1
1,51,40,88,-1
6,75,62,76,1
7,35,75,32,1
5,47,99,43,-1
4,83,89,65,-1
4,98,63,84,1
5,50,80,66,1
1,34,34,96,-1
7,68,73,92,1
8,44,85,81,1
2,57,85,38,-1
2,90,54,93,-1
5,91,43,82,-1
1,48,65,99,-1
5,44,93,77,1
2,68,43,52,-1
4,30,89,84,1
8,61,86,99,1
7,62,95,50,1
4,31,52,71,-1
