learning_time,midterm_grade,pass_fail
5.41099,96.29519,1.00000
3.25041,79.47489,-1.00000
2.16801,79.60658,1.00000
3.37533,58.66012,1.00000
8.19199,50.97042,-1.00000
8.64862,63.33891,-1.00000
1.74275,82.71532,-1.00000
6.28475,97.63602,1.00000
1.92702,67.08533,1.00000
8.43982,61.46956,1.00000
1.73180,34.79767,-1.00000
1.17894,60.28060,-1.00000
1.86021,49.29882,-1.00000
1.85470,41.54088,-1.00000
5.91673,58.55539,1.00000
2.78520,82.89467,1.00000
3.32639,71.49363,-1.00000
6.57919,51.07256,1.00000
2.86151,83.16772,-1.00000
1.80415,86.48266,1.00000
5.71495,49.57738,-1.00000
8.25519,62.62083,1.00000
4.89641,85.30610,1.00000
5.97998,71.17487,1.00000
1.51358,83.24189,-1.00000
1.37214,60.38844,-1.00000
6.06192,72.64595,-1.00000
7.20460,91.95696,1.00000
4.99498,54.62400,-1.00000
2.44788,93.34103,-1.00000
3.17835,35.52092,-1.00000
2.03366,64.42397,-1.00000
1.51846,66.89071,-1.00000
1.19929,94.82015,1.00000
4.08759,51.50861,1.00000
6.10178,94.48581,1.00000
6.52497,39.44172,1.00000
7.22436,31.84489,-1.00000
3.51879,99.05246,1.00000
8.64739,97.84681,1.00000
5.17318,78.14074,1.00000
6.18245,59.69215,1.00000
6.40614,66.20617,1.00000
6.84221,71.24717,1.00000
2.57883,48.27466,-1.00000
4.90839,96.87778,1.00000
8.01461,56.34216,1.00000
8.90384,77.19111,1.00000
7.58445,76.06856,1.00000
2.02272,44.28328,-1.00000
2.23568,34.46471,-1.00000
1.10357,45.37221,-1.00000
3.10902,91.52832,1.00000
8.25605,98.68999,1.00000
1.38911,33.96658,-1.00000
7.31046,50.40225,1.00000
5.21046,45.66387,-1.00000
6.97246,62.25570,1.00000
4.55479,67.25040,1.00000
5.55578,59.69151,-1.00000
4.23821,36.70366,-1.00000
7.10013,53.77665,1.00000
8.30988,84.30574,1.00000
3.88526,70.92918,-1.00000
2.42472,75.66775,-1.00000
3.37787,82.71411,1.00000
3.02846,73.37844,1.00000
4.89485,80.45379,1.00000
6.18191,80.99992,1.00000
2.15040,56.50059,-1.00000
2.00481,58.75730,-1.00000
3.18305,49.55820,-1.00000
4.64867,50.28369,-1.00000
1.19644,64.05884,-1.00000
3.05857,48.60569,-1.00000
4.31812,50.74341,1.00000
4.75434,65.89623,1.00000
5.02964,39.86821,-1.00000
7.29870,45.33727,1.00000
3.35203,82.16247,1.00000
7.96437,90.79756,1.00000
5.92268,85.37034,1.00000
8.06474,55.97758,1.00000
2.45430,36.94723,-1.00000
4.95331,53.51870,-1.00000
7.92631,48.04394,-1.00000
1.33256,91.90674,-1.00000
1.00633,83.45945,-1.00000
6.58355,63.26277,1.00000
2.80090,88.45456,-1.00000
7.58971,87.66735,1.00000
3.30525,47.66264,-1.00000
4.91030,80.98762,-1.00000
5.95999,42.37260,1.00000
4.58508,45.43122,1.00000
8.20337,82.50751,1.00000
4.29453,56.24614,-1.00000
3.97157,35.72253,-1.00000
7.55290,35.40979,1.00000
8.13693,33.70173,-1.00000
7.58403,77.62714,1.00000
7.62617,81.27261,1.00000
3.82802,32.54257,-1.00000
2.67196,96.86642,-1.00000
5.88280,30.11149,1.00000
8.31809,39.49440,-1.00000
5.62375,72.46789,1.00000
8.68544,93.57797,1.00000
8.31057,78.02693,1.00000
1.19625,68.40078,-1.00000
6.85974,64.63421,1.00000
4.77407,30.79897,-1.00000
3.51680,71.53483,1.00000
1.99750,45.91153,-1.00000
3.66145,67.30266,-1.00000
8.90645,50.57961,1.00000
1.09729,33.28498,-1.00000
8.82840,70.93602,1.00000
7.73911,51.21195,1.00000
5.62219,63.45334,-1.00000
1.49662,33.81003,-1.00000
1.70256,87.25980,1.00000
1.16321,54.18167,-1.00000
8.57449,55.14898,1.00000
1.52426,56.40388,-1.00000
3.13151,66.91472,-1.00000
1.89248,78.35920,-1.00000
7.74666,65.42331,-1.00000
2.31730,70.64869,-1.00000
8.73328,98.36421,1.00000
6.61982,51.49996,1.00000
2.75858,54.06462,-1.00000
8.55617,74.71827,1.00000
8.53950,33.31244,1.00000
8.21345,94.55995,1.00000
2.19911,78.35089,-1.00000
5.04517,53.42935,-1.00000
3.01669,41.79776,-1.00000
8.54240,70.07715,1.00000
4.62266,60.12645,1.00000
5.91664,69.75520,-1.00000
2.41783,89.57039,-1.00000
5.03514,63.96797,1.00000
7.57827,86.40525,1.00000
8.71236,46.51060,-1.00000
6.61016,51.80923,1.00000
2.76135,40.71505,-1.00000
6.36911,30.82732,-1.00000
5.23422,97.72152,1.00000
3.27382,97.62594,1.00000
4.45475,62.03583,-1.00000
1.18526,51.49156,-1.00000
7.53378,50.59174,1.00000
1.47312,35.70294,-1.00000
3.62237,35.08746,-1.00000
3.43210,86.17525,1.00000
5.51627,46.00211,-1.00000
8.06670,90.66580,1.00000
5.55760,60.60297,1.00000
7.79827,56.66429,1.00000
5.37077,71.76974,1.00000
3.01377,72.07674,-1.00000
7.96529,85.29386,1.00000
5.66907,58.26079,-1.00000
5.63773,52.71267,1.00000
2.51993,82.21256,1.00000
5.29302,62.31542,1.00000
1.57165,34.91993,-1.00000
2.24988,61.56098,-1.00000
8.57467,49.32215,1.00000
1.66860,58.22079,-1.00000
8.62357,83.73809,1.00000
4.74229,35.62248,1.00000
6.76475,81.79230,1.00000
6.56249,77.47817,1.00000
4.16160,77.06558,-1.00000
6.25390,70.76352,-1.00000
4.00187,75.04043,1.00000
3.48956,30.31989,-1.00000
6.82544,60.14900,-1.00000
3.07819,77.22452,1.00000
8.65500,92.14349,1.00000
2.22248,45.26333,-1.00000
2.69054,79.09087,-1.00000
3.31450,62.70418,-1.00000
4.95202,53.26644,-1.00000
5.84003,99.63341,1.00000
8.98713,43.07606,1.00000
6.85893,79.58327,1.00000
3.40549,62.59719,1.00000
6.04253,44.66201,1.00000
4.88069,54.13505,-1.00000
3.92457,69.37157,1.00000
8.28286,65.80943,1.00000
3.61147,30.07493,-1.00000
6.05976,83.09188,1.00000
8.99225,85.29340,1.00000
7.24376,32.00987,-1.00000
4.57672,94.01622,1.00000
2.50427,65.27629,-1.00000
1.38957,89.95067,1.00000
4.20004,59.98760,-1.00000
5.66450,91.35148,1.00000
6.77083,62.91377,1.00000
6.91671,47.95795,1.00000
2.01552,75.64333,-1.00000
3.88660,41.15616,-1.00000
2.51084,85.64318,1.00000
3.28330,39.38732,-1.00000
2.80204,75.01160,-1.00000
7.88634,88.92933,1.00000
6.71681,83.67395,-1.00000
3.49497,60.52626,1.00000
5.19022,85.58724,1.00000
3.11698,58.65077,-1.00000
7.47699,76.61339,1.00000
1.41103,87.35529,-1.00000
1.10139,71.44903,-1.00000
5.60607,72.84836,1.00000
2.85798,44.63226,-1.00000
1.17270,95.42544,-1.00000
2.45437,85.22798,1.00000
7.15230,33.03281,1.00000
3.51550,83.02833,1.00000
1.83002,95.70283,1.00000
5.58237,92.86336,1.00000
3.33168,36.02763,-1.00000
2.05023,98.49801,1.00000
7.18113,71.43958,-1.00000
3.35698,59.08458,-1.00000
5.61009,59.44240,1.00000
8.41631,43.14761,-1.00000
6.34219,79.03754,1.00000
7.29830,78.04938,1.00000
7.82313,42.84689,-1.00000
5.13154,97.97401,1.00000
7.52664,34.71017,-1.00000
1.56566,95.19657,1.00000
6.71446,49.07984,1.00000
1.01227,59.21809,-1.00000
2.91728,72.96028,-1.00000
1.94885,49.21438,-1.00000
8.59266,42.94521,1.00000
1.85965,69.76007,-1.00000
4.80596,97.42339,1.00000
7.30292,50.26795,-1.00000
6.46612,97.70838,1.00000
8.10601,69.76864,1.00000
1.46551,69.25887,-1.00000
2.65520,59.23233,-1.00000
6.15155,82.91202,1.00000
3.68088,31.72337,-1.00000
5.56048,48.52364,-1.00000
8.24013,63.23025,1.00000
4.28301,80.48280,1.00000
1.99583,67.97098,-1.00000
8.89176,38.89189,1.00000
8.90986,96.67284,1.00000
6.72975,74.76987,1.00000
8.99420,52.57268,1.00000
3.07057,80.38773,-1.00000
8.71712,41.89782,1.00000
6.32681,93.32601,1.00000
1.85394,86.73006,-1.00000
8.90655,87.50851,1.00000
1.89974,31.40096,-1.00000
2.87752,88.09578,1.00000
3.02809,35.88734,-1.00000
7.67059,95.28586,1.00000
1.32868,74.21609,-1.00000
8.78813,94.18771,1.00000
5.19844,93.72699,1.00000
1.19088,91.81185,-1.00000
1.31995,81.01203,-1.00000
6.78338,66.61448,1.00000
7.91705,45.47620,1.00000
6.03631,79.69726,1.00000
5.80334,64.81139,1.00000
1.49400,68.32605,-1.00000
3.59921,87.61027,1.00000
1.62594,57.90862,-1.00000
4.89878,85.49108,-1.00000
7.06277,74.50337,1.00000
6.67165,62.04965,-1.00000
3.54473,71.94901,1.00000
2.34129,85.58126,1.00000
1.93801,36.29865,-1.00000
5.34324,48.77969,-1.00000
3.64692,92.94452,1.00000
7.67267,64.37176,1.00000
8.67846,94.23241,1.00000
7.48524,31.13588,-1.00000
5.41725,98.24623,1.00000
3.14614,41.58383,-1.00000
7.27796,67.80780,-1.00000
1.86516,47.98840,-1.00000
5.57808,77.60925,1.00000
6.06257,40.86750,1.00000
1.18400,36.56402,-1.00000
8.88398,92.09510,1.00000
4.28967,32.86593,-1.00000
4.80937,92.05264,-1.00000
3.69177,60.54879,1.00000
3.35457,45.23521,-1.00000
7.16603,50.60078,1.00000
3.22668,36.88914,-1.00000
5.28202,65.78726,-1.00000
6.61110,89.62348,1.00000
6.42540,80.64644,1.00000
6.57325,49.40641,-1.00000
2.52094,46.02388,-1.00000
6.08467,65.84663,-1.00000
7.76310,80.04180,1.00000
2.75118,32.98968,-1.00000
4.35567,94.35755,1.00000
5.92836,82.27538,-1.00000
6.30124,73.89935,1.00000
6.64024,55.01167,-1.00000
1.71494,79.73455,-1.00000
1.52542,44.43626,-1.00000
5.81043,98.59596,1.00000
8.06485,34.02222,-1.00000
4.63115,96.97700,1.00000
7.64903,61.48887,1.00000
8.10584,30.77852,-1.00000
6.53381,66.85132,-1.00000
3.76902,66.50669,-1.00000
1.83299,30.67258,-1.00000
5.66384,73.89881,-1.00000
4.11363,38.76681,-1.00000
2.78389,40.92142,-1.00000
2.10917,96.24640,-1.00000
5.24002,80.59369,1.00000
1.51396,99.83805,1.00000
8.25158,40.06799,1.00000
8.05869,81.54880,1.00000
1.41395,86.26581,-1.00000
4.03506,82.74993,1.00000
4.01575,87.32148,-1.00000
4.00613,46.28090,1.00000
1.42555,79.46575,-1.00000
8.29180,42.16581,1.00000
3.64230,65.31426,-1.00000
6.62092,97.71452,1.00000
3.24989,91.69727,1.00000
8.11396,66.56270,1.00000
6.00670,80.07513,1.00000
2.20304,31.62407,-1.00000
6.18620,79.45366,1.00000
6.49960,39.49541,1.00000
8.55265,42.05570,1.00000
5.67666,55.23200,1.00000
1.60125,46.59336,-1.00000
6.69056,44.17658,1.00000
4.37851,41.24908,-1.00000
4.31838,84.11785,-1.00000
7.89259,51.94828,1.00000
4.29469,35.70865,-1.00000
1.25365,50.86062,-1.00000
8.21701,35.11031,1.00000
3.27558,93.92719,1.00000
1.87096,68.37227,-1.00000
8.47991,51.19663,1.00000
2.10945,50.86212,-1.00000
6.56244,30.61059,1.00000
3.05365,54.25333,-1.00000
6.25468,60.69562,-1.00000
2.59617,57.06467,-1.00000
6.94160,63.47486,1.00000
1.73322,95.73969,-1.00000
7.17634,78.17460,1.00000
7.35755,49.01076,1.00000
3.54265,57.35879,-1.00000
2.09120,52.10319,-1.00000
2.13644,47.30756,-1.00000
6.39235,56.79191,1.00000
1.07555,58.83455,-1.00000
3.15258,61.71448,1.00000
2.29314,45.68103,-1.00000
5.90887,82.19836,1.00000
1.81070,42.83264,-1.00000
6.37609,69.38455,1.00000
8.27334,54.79727,1.00000
8.12390,44.51683,-1.00000
5.83030,94.36123,1.00000
4.02897,94.84795,-1.00000
6.44871,53.30557,-1.00000
8.41959,78.92994,1.00000
1.16533,64.33718,-1.00000
5.14740,45.95596,-1.00000
1.97538,86.14363,1.00000
5.96459,79.61734,-1.00000
5.01912,76.78235,1.00000
6.74609,39.35342,-1.00000
6.53062,45.37846,-1.00000
7.71607,83.30436,1.00000
6.80847,36.90441,1.00000
5.19775,60.24448,-1.00000
6.51711,47.13008,1.00000
5.73331,40.74093,1.00000
6.77746,75.94272,1.00000
5.68824,58.75382,1.00000
2.53866,40.09088,-1.00000
3.51231,78.61977,1.00000
7.48790,62.08981,1.00000
1.28168,86.77960,-1.00000
4.97725,39.16003,-1.00000
5.49965,62.24437,1.00000
1.06578,32.87708,-1.00000
3.52074,37.05432,-1.00000
5.29585,77.52673,-1.00000
5.47369,78.23285,1.00000
2.19932,43.77025,-1.00000
7.91614,57.33265,1.00000
2.85906,68.10756,-1.00000
2.51783,71.92851,-1.00000
5.67582,81.71653,1.00000
6.70089,82.90379,-1.00000
4.72384,43.99943,-1.00000
3.82980,82.54339,-1.00000
5.25126,36.46959,-1.00000
1.13235,90.68217,-1.00000
7.66770,51.28242,1.00000
7.68679,68.64018,-1.00000
8.27334,88.57113,1.00000
7.88657,45.86312,1.00000
8.10216,61.41814,1.00000
8.08174,80.09072,1.00000
3.00056,65.95359,-1.00000
3.00673,73.98171,1.00000
8.29536,63.44436,1.00000
3.88047,80.07909,1.00000
4.19718,85.71973,1.00000
1.15710,58.39143,-1.00000
3.25777,57.62146,-1.00000
4.36974,53.30110,-1.00000
3.61086,42.91695,-1.00000
2.35384,76.37177,1.00000
6.96063,58.95622,1.00000
6.83033,69.28821,1.00000
1.53268,59.03840,1.00000
3.19946,61.55226,1.00000
2.20780,74.49180,-1.00000
2.92121,38.00611,-1.00000
1.22767,99.51115,-1.00000
3.23132,68.80099,1.00000
5.55627,33.57953,-1.00000
4.76124,34.63784,-1.00000
5.97340,79.78153,1.00000
7.46682,85.75374,1.00000
2.43800,88.04082,-1.00000
7.00206,52.35431,1.00000
5.27541,85.02603,-1.00000
5.20978,48.56509,1.00000
3.61200,49.36041,-1.00000
7.83836,77.62216,1.00000
5.04966,88.21175,1.00000
4.47525,56.53240,-1.00000
6.04171,70.01079,1.00000
2.38688,68.60448,-1.00000
8.80597,66.56012,1.00000
4.96730,34.51507,-1.00000
3.13023,82.14171,1.00000
1.98136,33.33360,-1.00000
2.65421,31.16737,-1.00000
7.25904,56.95807,1.00000
6.94599,64.21611,1.00000
3.21721,60.69562,1.00000
2.25758,49.86238,-1.00000
4.57199,80.15675,-1.00000
8.01497,81.13305,1.00000
2.36776,73.75768,-1.00000
6.53051,72.36360,1.00000
7.93839,73.86116,1.00000
1.93472,90.48216,1.00000
6.08909,54.30157,-1.00000
1.16628,77.03573,-1.00000
5.44743,53.43382,1.00000
5.12640,44.04433,-1.00000
6.23142,63.00204,-1.00000
8.24118,91.83293,1.00000
1.89647,78.10631,-1.00000
3.65376,72.24254,1.00000
7.85750,36.13771,1.00000
6.84971,33.81081,1.00000
2.04885,84.44953,1.00000
1.37598,43.59803,-1.00000
7.97551,98.31310,1.00000
4.93878,45.43306,-1.00000
6.49563,37.85244,-1.00000
5.06397,78.70540,1.00000
5.00548,75.85331,-1.00000
1.57760,38.24842,-1.00000
3.76508,94.22885,1.00000
5.05916,52.59697,-1.00000
3.36424,90.80187,1.00000
2.26060,90.76117,1.00000
2.04897,35.09494,-1.00000
1.83092,96.09534,1.00000
3.72401,92.15587,-1.00000
7.30008,88.61148,1.00000
8.44487,31.42560,1.00000
1.84156,45.33308,-1.00000
8.96838,36.30272,-1.00000
4.31843,30.12208,-1.00000
8.74833,77.85411,1.00000
5.54003,37.12726,1.00000
4.18990,50.36695,-1.00000
2.30815,85.32059,1.00000
8.35222,51.30175,1.00000
5.21198,33.92291,-1.00000
6.95611,88.65760,1.00000
5.90252,64.95551,-1.00000
7.42659,39.93907,1.00000
1.92567,49.30383,-1.00000
3.19187,35.72467,-1.00000
4.68859,71.64734,-1.00000
5.86378,52.49577,1.00000
5.61095,66.64892,-1.00000
8.53452,73.27726,1.00000
3.35785,57.17110,-1.00000
5.05798,95.38629,1.00000
4.94696,44.00804,-1.00000
6.55305,50.74016,1.00000
8.72743,58.79613,1.00000
1.05513,51.18608,-1.00000
1.71178,41.51775,-1.00000
3.15314,81.26028,1.00000
7.28840,38.61515,1.00000
7.17277,95.66841,1.00000
6.60462,87.01012,1.00000
1.23547,39.10045,-1.00000
8.05118,32.65524,-1.00000
1.30858,95.71380,1.00000
3.93305,80.55733,1.00000
1.19900,46.89679,-1.00000
8.59649,58.72554,1.00000
1.42755,60.06380,-1.00000
4.10465,92.36238,1.00000
3.82409,57.89135,-1.00000
5.02042,42.44176,-1.00000
2.30693,49.55398,-1.00000
2.75264,92.89749,-1.00000
7.34746,83.44347,1.00000
8.07864,86.57677,1.00000
8.03087,75.43856,1.00000
3.35503,93.34134,1.00000
7.12935,54.25315,1.00000
4.14573,32.21107,-1.00000
2.81495,94.99204,1.00000
3.12917,90.96229,1.00000
8.64828,90.40727,1.00000
2.08085,69.36713,-1.00000
2.27512,45.49743,-1.00000
7.20176,49.92231,1.00000
1.04322,66.74069,-1.00000
2.57073,45.95318,-1.00000
1.35257,78.56821,1.00000
3.40262,43.72844,-1.00000
1.37967,38.70576,-1.00000
6.87109,52.00936,1.00000
5.15246,34.51202,-1.00000
3.98735,37.81646,-1.00000
3.26566,88.74125,1.00000
1.25766,59.07116,-1.00000
7.44200,45.51984,-1.00000
8.50979,56.19363,1.00000
5.45922,58.10156,1.00000
3.73376,52.31723,-1.00000
3.91364,97.23820,1.00000
1.08976,78.15599,-1.00000
8.38535,69.49563,1.00000
2.06690,37.21132,-1.00000
8.52531,32.24476,1.00000
7.83084,68.55409,-1.00000
2.53527,74.21876,-1.00000
5.81205,72.28675,-1.00000
1.18078,97.69540,1.00000
6.99038,46.14471,-1.00000
2.09619,98.30630,-1.00000
8.00869,56.19293,1.00000
4.41034,62.53006,1.00000
2.95199,66.95024,-1.00000
5.43001,69.47257,1.00000
3.46714,61.23328,1.00000
7.31828,54.08476,1.00000
1.02554,46.03739,-1.00000
5.94627,95.61760,1.00000
1.75053,36.94258,-1.00000
8.00591,71.80866,1.00000
4.27147,80.82421,1.00000
1.44207,80.95687,-1.00000
5.85390,30.81504,-1.00000
3.57559,75.35180,-1.00000
6.58555,37.36772,-1.00000
8.87447,41.64486,1.00000
6.74644,63.30265,-1.00000
4.02954,89.84821,-1.00000
5.39573,72.69913,1.00000
7.67673,57.92209,1.00000
7.19283,93.37259,1.00000
3.35677,43.40648,-1.00000
4.98103,80.29028,-1.00000
3.23540,91.04442,1.00000
1.79587,90.65955,-1.00000
3.80342,42.24455,-1.00000
8.73259,85.50300,1.00000
7.06885,51.91405,-1.00000
1.33620,33.41261,-1.00000
8.18663,64.23260,1.00000
2.30034,99.75348,1.00000
8.20177,30.25701,1.00000
2.56930,39.52637,-1.00000
2.78335,33.48252,-1.00000
1.39699,56.90936,-1.00000
4.59018,40.34445,-1.00000
5.85849,60.76399,-1.00000
4.76940,74.50746,-1.00000
4.18971,53.29125,-1.00000
6.40426,60.65594,-1.00000
2.73042,76.00427,-1.00000
6.90555,34.35777,-1.00000
1.48844,39.68344,-1.00000
1.18288,74.57762,-1.00000
2.17444,69.10433,-1.00000
3.16206,96.69935,1.00000
8.51003,49.53705,1.00000
6.63283,37.80058,-1.00000
2.47130,40.38759,-1.00000
7.90454,93.41308,1.00000
8.60996,77.06661,1.00000
8.26329,73.22125,1.00000
1.71413,59.38541,-1.00000
4.47707,32.07057,-1.00000
6.40531,86.41259,1.00000
3.82359,44.05240,-1.00000
4.49669,38.56395,-1.00000
1.12177,61.41543,-1.00000
1.74901,84.45921,1.00000
1.43197,91.74245,-1.00000
5.66221,98.74973,1.00000
4.54158,49.39731,-1.00000
2.39322,31.38881,-1.00000
8.93359,48.44307,1.00000
3.44805,88.11457,1.00000
7.24511,97.25083,1.00000
1.27794,37.35165,-1.00000
5.27547,41.13699,-1.00000
2.76755,42.98125,-1.00000
3.37936,38.06040,1.00000
5.01831,88.93900,-1.00000
8.57410,47.09307,1.00000
5.39712,50.52344,1.00000
7.56958,52.38855,1.00000
2.66700,43.96370,-1.00000
5.47046,88.35589,1.00000
2.81810,93.75051,1.00000
2.20205,89.92322,-1.00000
5.78335,55.59156,-1.00000
8.12195,93.19238,1.00000
6.85703,52.48908,-1.00000
1.69413,37.79547,-1.00000
3.33276,80.29163,1.00000
4.20672,95.34655,1.00000
1.10893,38.47028,-1.00000
3.88990,77.67404,-1.00000
1.15203,52.22809,-1.00000
2.36872,76.83874,-1.00000
6.28025,63.44441,1.00000
7.38746,81.56269,1.00000
2.61830,58.73645,1.00000
2.38301,75.14051,-1.00000
7.28773,57.05616,1.00000
5.59478,33.63543,-1.00000
1.31674,57.26309,-1.00000
8.53193,55.78086,1.00000
2.53531,44.01227,-1.00000
8.79863,94.03528,1.00000
8.90417,72.02648,1.00000
6.65244,47.35387,1.00000
6.34671,92.07327,1.00000
5.26613,98.39882,1.00000
5.68405,73.02976,-1.00000
6.55918,78.72734,1.00000
2.63692,41.75851,-1.00000
3.21813,34.50607,-1.00000
6.51464,56.92633,-1.00000
3.21323,60.51507,-1.00000
6.43086,87.60148,1.00000
2.08244,50.38094,-1.00000
3.55929,73.47425,-1.00000
5.21182,66.99462,-1.00000
8.85877,66.21083,1.00000
1.70899,56.12717,-1.00000
2.83684,90.65836,1.00000
3.63457,53.39120,-1.00000
1.63176,36.22421,-1.00000
4.22402,75.89644,1.00000
8.93433,66.23344,1.00000
6.67557,50.68392,-1.00000
5.07112,45.52784,-1.00000
3.74562,38.94527,-1.00000
3.75557,48.78624,1.00000
2.26151,31.12481,-1.00000
7.27514,83.22859,1.00000
4.02726,34.47584,-1.00000
2.10220,75.19391,-1.00000
7.50729,93.70388,1.00000
6.36950,48.15410,-1.00000
2.83761,95.93030,1.00000
1.66837,85.89536,-1.00000
6.74564,89.60151,1.00000
2.30849,78.44213,-1.00000
1.65423,80.10481,-1.00000
1.54295,41.04031,-1.00000
6.56881,30.19484,1.00000
3.28556,69.75114,-1.00000
6.95629,86.78911,1.00000
8.66748,53.28304,1.00000
6.70111,88.36504,1.00000
6.73215,46.42272,1.00000
8.69252,61.06268,1.00000
4.96622,96.02650,1.00000
3.56472,37.90917,-1.00000
3.63545,55.17042,-1.00000
8.21967,83.94946,1.00000
1.24513,32.42907,-1.00000
5.23977,38.29471,-1.00000
6.49367,78.25891,1.00000
6.30144,31.46108,-1.00000
7.01400,97.78089,1.00000
4.39309,86.17322,1.00000
7.03913,94.02192,1.00000
6.92368,92.27014,1.00000
5.00062,91.60174,1.00000
2.88398,55.42041,-1.00000
1.49991,76.90326,-1.00000
8.31301,46.29001,1.00000
5.56811,87.98614,1.00000
3.10122,95.25469,-1.00000
3.15464,98.92811,1.00000
5.22271,55.54857,1.00000
5.95955,93.55918,1.00000
4.86414,43.63126,-1.00000
6.98087,69.56782,1.00000
3.97399,85.14695,1.00000
5.76598,84.07921,1.00000
8.60870,60.61563,1.00000
6.27726,42.68970,-1.00000
8.16776,68.74430,1.00000
7.82100,94.91277,1.00000
4.93257,31.93628,-1.00000
3.57333,72.78744,1.00000
8.88449,95.76659,1.00000
2.90604,65.17370,-1.00000
2.64431,53.97520,-1.00000
8.95158,73.24870,1.00000
2.00239,94.65217,-1.00000
1.60720,91.36366,-1.00000
7.19348,55.44069,-1.00000
8.64204,78.87710,1.00000
8.27290,58.20244,1.00000
4.69610,31.32743,-1.00000
4.74243,70.70652,1.00000
3.33198,78.56028,-1.00000
2.48493,71.53090,1.00000
5.12054,59.03316,-1.00000
5.30123,90.58121,1.00000
1.47679,70.40078,-1.00000
8.08407,47.11850,-1.00000
6.00629,62.54680,1.00000
7.55278,66.60318,1.00000
6.97624,60.04789,1.00000
4.71017,33.19287,-1.00000
1.01317,48.47844,-1.00000
2.98909,98.62004,1.00000
7.90220,55.39759,-1.00000
1.30219,74.98878,-1.00000
6.47698,91.36289,1.00000
1.57418,36.26554,-1.00000
6.69180,73.71565,1.00000
8.28772,84.64125,1.00000
3.19169,40.40051,-1.00000
8.43001,48.17047,1.00000
2.64553,59.81921,-1.00000
3.76129,58.69883,-1.00000
6.40797,59.64624,-1.00000
6.64347,49.34535,1.00000
5.67729,33.24032,-1.00000
5.52255,59.56443,-1.00000
6.00977,58.49816,1.00000
6.52489,49.14906,1.00000
4.57006,68.62083,-1.00000
4.98973,63.66072,1.00000
1.29984,44.72641,-1.00000
8.76251,83.51910,1.00000
2.82757,95.18095,-1.00000
2.13240,97.30309,-1.00000
5.24652,85.61897,-1.00000
7.66908,98.55527,1.00000
5.52816,52.67291,1.00000
1.28402,72.48548,1.00000
1.70145,56.46262,-1.00000
3.57174,49.28173,-1.00000
6.18039,36.05822,1.00000
1.08440,54.15582,-1.00000
3.07072,52.09736,-1.00000
8.11322,60.48011,1.00000
4.15359,70.66733,-1.00000
6.81081,48.76185,-1.00000
3.36518,82.22017,-1.00000
1.73166,41.93694,-1.00000
8.84185,81.02446,1.00000
8.48060,86.25903,1.00000
4.27939,39.47504,-1.00000
1.59582,45.21549,-1.00000
8.20695,81.61905,1.00000
1.11017,82.86133,1.00000
4.23144,30.25203,-1.00000
4.49279,86.84813,1.00000
6.97991,40.59980,1.00000
6.34273,49.80835,1.00000
3.56821,65.95948,1.00000
5.31398,64.03749,-1.00000
7.91606,99.63105,1.00000
4.08450,83.22912,1.00000
5.35093,92.65958,1.00000
8.70689,31.95964,1.00000
6.86056,67.07817,1.00000
2.97707,40.69016,-1.00000
4.77728,48.59315,-1.00000
8.50388,56.79242,1.00000
8.80093,80.99383,1.00000
4.93729,53.36457,-1.00000
3.32764,38.25160,-1.00000
1.41476,86.80497,-1.00000
1.51318,40.37840,-1.00000
1.22597,89.64869,-1.00000
8.70034,69.29679,1.00000
2.30190,98.16936,1.00000
3.32078,79.16261,1.00000
2.02554,49.21673,-1.00000
4.75565,50.30560,-1.00000
1.59044,66.61738,-1.00000
1.35518,82.98614,-1.00000
3.97087,65.18574,-1.00000
1.13472,52.99704,-1.00000
4.88589,57.94931,-1.00000
6.25182,73.59537,1.00000
4.73669,82.65859,1.00000
8.16045,52.34678,-1.00000
2.01063,90.93084,-1.00000
4.03212,57.35360,-1.00000
8.02660,81.67917,1.00000
3.85231,90.89717,1.00000
1.16255,63.50770,-1.00000
3.99569,37.98335,-1.00000
7.56371,59.19450,1.00000
8.90099,41.90468,1.00000
2.86857,85.22620,-1.00000
8.76904,35.64611,1.00000
7.67897,53.66881,1.00000
8.41866,57.00975,1.00000
5.68903,73.02781,1.00000
1.44582,71.20916,-1.00000
1.48722,33.31588,-1.00000
5.14963,46.64677,1.00000
4.35041,83.79452,1.00000
3.96238,52.54416,-1.00000
1.06536,69.86101,-1.00000
5.04460,61.91562,-1.00000
6.49058,92.22773,1.00000
6.27998,43.96763,1.00000
7.00775,76.44044,1.00000
2.29293,35.89211,-1.00000
6.26381,48.08190,-1.00000
6.90613,55.86919,-1.00000
8.61038,73.31201,1.00000
2.82504,73.35222,-1.00000
4.27055,61.30480,-1.00000
6.32548,34.21211,-1.00000
8.25367,32.37148,-1.00000
5.80546,67.62260,1.00000
4.31108,43.95107,-1.00000
6.99836,53.86281,-1.00000
8.91028,69.59109,1.00000
4.91549,39.88843,1.00000
1.61334,97.17899,-1.00000
8.34419,60.96669,1.00000
4.66708,59.41001,-1.00000
7.82399,79.23548,1.00000
7.06104,37.79166,1.00000
1.58251,93.19975,-1.00000
2.09303,56.06078,-1.00000
3.57498,48.39515,-1.00000
8.15474,89.97419,1.00000
6.92205,54.30295,-1.00000
6.08943,57.68890,1.00000
5.48328,63.17729,-1.00000
4.52960,74.32465,1.00000
2.56160,67.09915,1.00000
1.16329,60.22553,-1.00000
1.46109,35.63646,-1.00000
2.53407,74.85326,1.00000
6.64508,54.08531,-1.00000
1.69101,71.33113,-1.00000
1.06802,85.32362,-1.00000
5.80523,63.50694,-1.00000
1.05963,91.43190,-1.00000
5.90759,40.08870,1.00000
3.79449,87.72184,-1.00000
8.52210,67.89549,1.00000
6.27979,95.80609,1.00000
1.45747,87.61788,-1.00000
3.09348,85.73248,1.00000
3.92707,81.17558,1.00000
6.30373,60.83494,1.00000
7.99271,77.82305,1.00000
3.90487,34.44160,-1.00000
6.92572,99.03279,1.00000
3.61246,91.03536,-1.00000
2.48626,87.85719,-1.00000
7.53301,61.64708,1.00000
6.01818,84.52281,1.00000
1.93141,36.81312,-1.00000
4.71816,97.75322,-1.00000
2.77102,69.36261,1.00000
2.97371,92.05198,1.00000
7.63137,91.04271,1.00000
3.03732,74.02383,1.00000
4.54900,40.24369,-1.00000
3.02854,77.58398,1.00000
4.24189,79.62976,1.00000
3.85655,62.34930,-1.00000
2.28607,47.25462,-1.00000
2.28642,60.50384,-1.00000
3.60639,76.02037,-1.00000
1.46224,52.41647,-1.00000
2.66638,40.60055,-1.00000
6.82624,46.27703,-1.00000
5.59674,69.03581,1.00000
7.70935,82.77970,1.00000
5.32011,65.31268,-1.00000
6.28564,90.63374,1.00000
1.92129,49.75469,-1.00000
1.80502,76.95723,-1.00000
1.57991,68.02842,-1.00000
8.35052,96.51210,1.00000
3.43525,90.54762,1.00000
4.15445,98.85541,1.00000
2.99387,50.89949,-1.00000
4.34756,45.75165,-1.00000
8.44633,45.01810,1.00000
2.67062,36.59510,-1.00000
8.33517,83.77852,1.00000
8.51664,36.70060,1.00000
6.43401,74.20042,-1.00000
2.73423,90.78984,-1.00000
4.15270,32.61970,-1.00000
6.22895,63.91345,-1.00000
1.03173,61.11476,-1.00000
1.21060,86.12916,-1.00000
6.58834,41.67608,1.00000
3.07175,98.31631,1.00000
2.66269,95.36177,1.00000
2.01214,91.82629,-1.00000
5.39456,91.89024,1.00000
3.45547,83.59760,-1.00000
5.76690,84.91249,1.00000
6.19792,78.00941,-1.00000
2.34324,71.94294,1.00000
4.52466,70.83575,-1.00000
3.93838,71.52261,-1.00000
1.35402,82.03897,-1.00000
8.73034,83.47227,1.00000
3.91446,84.20438,1.00000
2.61805,48.77258,-1.00000
7.29873,81.99480,1.00000
4.82858,30.44398,1.00000
3.31480,48.72477,1.00000
3.38878,90.35992,1.00000
3.21223,76.19597,1.00000
7.92501,60.00770,1.00000
1.98524,62.75741,-1.00000
3.43645,75.53842,-1.00000
1.53744,56.00254,-1.00000
5.74307,73.79763,1.00000
1.90616,58.12639,-1.00000
4.82537,75.52293,1.00000
7.93006,52.61222,1.00000
6.93573,52.17675,1.00000
6.44442,53.08381,-1.00000
1.14618,59.97864,-1.00000
4.70099,32.95080,-1.00000
5.21823,68.77387,1.00000
8.83561,84.36268,1.00000
5.33346,51.04462,1.00000
3.27644,63.67512,-1.00000
1.73021,46.79318,-1.00000
2.23354,70.00111,-1.00000
3.39374,91.45172,1.00000
7.14998,42.28462,-1.00000
6.69353,54.37572,-1.00000
8.42676,65.54585,1.00000
4.41332,58.12368,-1.00000
3.70331,67.49676,1.00000
3.99440,84.34000,1.00000
1.52999,46.26618,-1.00000
2.89784,48.05043,-1.00000
4.54591,37.88358,-1.00000
5.14341,64.06067,1.00000
6.22765,91.67638,1.00000
1.91161,40.14036,-1.00000
1.83588,80.26643,-1.00000
5.22697,87.32314,-1.00000
8.87651,89.55302,1.00000
2.48618,77.81308,-1.00000
4.69645,72.46824,-1.00000
1.48589,55.00028,-1.00000
2.25929,95.18507,-1.00000
2.73980,73.54015,1.00000
2.30011,38.53816,-1.00000
5.68093,74.99081,1.00000
1.92003,77.57254,-1.00000
2.92527,57.47080,1.00000
8.71783,89.67502,1.00000
2.79028,33.67967,-1.00000
7.82136,31.93873,-1.00000
4.26165,66.78842,-1.00000
4.42597,91.54743,1.00000
6.66897,51.59869,1.00000
3.38827,96.92381,1.00000
7.97137,70.08987,1.00000
1.69106,67.16418,-1.00000
4.37568,37.94482,1.00000
8.37304,87.36749,1.00000
3.60925,94.34541,-1.00000
7.25318,95.82896,1.00000
7.77824,89.99582,1.00000
5.14517,61.18323,-1.00000
6.09744,72.44123,1.00000
5.33535,69.57773,-1.00000
3.35570,53.24637,-1.00000
7.98321,91.23048,1.00000
1.71645,30.53830,-1.00000
4.49546,39.66463,1.00000
2.60927,99.67533,1.00000
5.50551,37.79589,1.00000
1.90333,57.77048,-1.00000
3.45222,75.12014,-1.00000
3.96154,31.50310,-1.00000
4.80333,83.78995,1.00000
7.72969,67.24337,1.00000
8.67528,91.26795,1.00000
8.02839,65.45347,1.00000
2.44651,97.08991,1.00000
1.63794,59.26863,-1.00000
3.03603,45.81079,-1.00000
2.43188,52.29736,-1.00000
3.34165,39.25901,-1.00000
7.91965,30.27238,1.00000
7.60137,97.36366,1.00000
3.68751,37.26524,-1.00000
7.71110,95.19702,1.00000
8.09578,33.31868,1.00000
1.91844,85.59782,1.00000
6.79645,81.33694,-1.00000
8.49215,91.55061,1.00000
5.52838,64.02518,1.00000
4.22459,84.13955,-1.00000
7.51519,88.82088,1.00000
3.69926,75.42122,-1.00000
8.63492,79.32812,1.00000
1.96830,50.76276,-1.00000
1.40607,93.49342,1.00000
7.72944,65.23183,1.00000
3.05368,95.32755,-1.00000
1.69587,38.91000,-1.00000
8.51574,38.75189,-1.00000
1.23380,31.22256,-1.00000
3.99788,82.62137,1.00000
4.99668,54.39111,-1.00000
4.71711,62.15267,-1.00000
7.62137,52.24837,1.00000
6.12189,53.02551,1.00000
6.23789,85.34189,1.00000
1.57795,80.19675,-1.00000
1.81674,96.80450,-1.00000
2.67334,68.76561,1.00000
5.95944,40.64832,-1.00000
3.73717,43.80110,1.00000
3.43412,49.98488,-1.00000
8.17028,40.27476,1.00000
7.01160,55.82732,1.00000
1.82962,85.31621,-1.00000
7.04016,68.18109,-1.00000
7.34385,62.22641,-1.00000
6.45074,75.41872,1.00000
4.51460,89.29387,1.00000
3.16528,36.83504,-1.00000
4.76426,31.79437,-1.00000
1.06033,79.83446,-1.00000
7.26382,94.69544,1.00000
1.86036,98.42953,1.00000
6.38776,86.30944,1.00000
5.79398,52.11492,-1.00000
6.46813,56.01665,-1.00000
2.09214,57.28566,-1.00000
7.90474,96.33528,1.00000
8.10062,72.05006,1.00000
2.21884,48.15129,-1.00000
1.33494,47.66438,-1.00000
1.17514,38.68652,-1.00000
2.57953,77.32544,-1.00000
2.20888,31.38018,-1.00000
5.49643,96.04381,1.00000
6.19088,41.69684,-1.00000
8.83762,88.28688,1.00000
2.58959,72.66096,-1.00000
4.38561,90.16710,1.00000
2.07382,38.36358,-1.00000
1.31978,93.16925,-1.00000
4.06559,81.95832,-1.00000
7.51059,40.77593,1.00000
4.67403,42.14991,1.00000
7.67972,39.40637,-1.00000
6.07226,94.41573,1.00000
7.71656,75.00997,1.00000
4.77429,52.45231,-1.00000
4.10835,57.41344,1.00000
7.93641,67.97721,1.00000
3.96228,79.39825,1.00000
4.32346,75.39608,1.00000
7.16362,75.05648,-1.00000
1.03924,64.37763,-1.00000
3.10364,48.33395,-1.00000
7.02222,76.48573,1.00000
3.81955,82.77376,-1.00000
1.50056,41.41358,-1.00000
7.68464,90.65790,1.00000
8.11075,88.76431,1.00000
2.44340,62.04658,-1.00000
6.33954,31.85154,-1.00000
2.93320,66.59489,-1.00000
2.17037,87.70932,1.00000
2.89886,67.49077,-1.00000
7.23651,33.69864,1.00000
1.95973,91.60924,-1.00000
8.62209,78.35057,1.00000
7.39653,77.33220,1.00000
2.74360,89.78974,1.00000
2.69978,79.75461,1.00000
1.16440,71.34602,-1.00000
8.59504,56.67325,-1.00000
8.49580,41.67711,1.00000
3.02175,46.18189,-1.00000
3.83444,36.65866,1.00000
5.95316,32.03166,-1.00000
1.79482,31.25457,-1.00000
1.36138,91.67402,-1.00000
1.73971,88.09777,-1.00000
8.46558,89.26671,1.00000
8.13454,65.22607,1.00000
2.96773,73.40561,-1.00000
3.21642,36.08064,-1.00000
4.37448,74.12195,-1.00000
5.72337,80.05651,1.00000
1.03581,98.65252,-1.00000
5.23874,57.24029,-1.00000
2.47866,92.12654,1.00000
2.27265,79.07702,1.00000
7.22664,94.74669,1.00000
2.70097,45.55959,-1.00000
4.18578,35.37853,-1.00000
4.49945,99.29196,1.00000
7.05785,91.52362,1.00000
2.91319,49.14514,1.00000
8.45744,38.62681,-1.00000
4.40064,32.86648,-1.00000
4.44462,78.41336,1.00000
7.29573,52.56405,1.00000
6.26705,52.02634,-1.00000
8.59023,50.78300,1.00000
8.42803,93.14142,1.00000
7.00027,69.44382,1.00000
3.46764,56.97821,-1.00000
4.85914,45.93529,1.00000
2.01862,48.48410,-1.00000
3.32015,64.06907,-1.00000
5.53741,87.70797,1.00000
4.78190,67.60139,-1.00000
1.13792,34.08154,-1.00000
5.06716,89.63597,1.00000
1.56974,55.60967,-1.00000
2.00755,54.94353,-1.00000
2.03396,43.80933,-1.00000
7.36859,62.81070,1.00000
6.78301,52.68764,1.00000
7.87421,64.45788,1.00000
8.17203,89.73414,1.00000
5.30286,93.37143,1.00000
1.12508,44.63888,-1.00000
7.41761,97.97947,1.00000
3.33334,57.77471,-1.00000
6.93637,35.78285,-1.00000
4.21573,77.79761,1.00000
6.70306,37.03538,1.00000
6.43702,94.73201,1.00000
8.27128,60.21866,-1.00000
2.73071,96.84403,1.00000
3.61422,41.13573,-1.00000
5.40473,79.08689,1.00000
5.15299,80.82063,1.00000
1.55684,98.56381,1.00000
2.57839,64.56493,-1.00000
3.88055,50.38003,1.00000
8.63722,34.60431,-1.00000
1.16648,42.45784,-1.00000
5.13498,75.73062,1.00000
8.94280,60.55536,1.00000
7.34761,96.10199,1.00000
7.51492,68.06538,1.00000
3.53051,41.16459,-1.00000
3.32592,36.51242,-1.00000
7.29384,40.13208,-1.00000
5.07669,53.51241,1.00000
7.06200,62.31571,1.00000
2.00712,59.57741,-1.00000
5.67012,59.29357,-1.00000
7.67902,83.21644,1.00000
8.60855,61.80052,1.00000
4.88454,51.53825,-1.00000
7.14440,85.68492,1.00000
4.63525,48.71520,1.00000
3.04569,95.75966,1.00000
1.16944,87.34176,-1.00000
1.48893,80.60796,1.00000
8.48521,37.53977,-1.00000
6.90666,37.36108,-1.00000
6.24962,48.52684,-1.00000
5.36996,42.47025,-1.00000
5.26084,31.78873,-1.00000
2.98748,92.30797,1.00000
7.10126,81.78993,1.00000
5.31888,73.37527,-1.00000
6.08491,43.46340,-1.00000
8.43369,43.88899,-1.00000
4.43072,51.88279,1.00000
6.51444,95.19511,1.00000
3.90920,75.08485,1.00000
7.38131,89.07880,1.00000
7.72864,41.23107,1.00000
5.28772,91.84609,1.00000
7.49483,63.11225,-1.00000
8.48689,37.16011,1.00000
1.29305,37.91440,-1.00000
5.39385,98.11821,1.00000
7.81989,64.12282,1.00000
5.94114,75.66713,1.00000
5.36725,68.46091,1.00000
5.01385,68.22611,1.00000
6.25736,38.04181,-1.00000
6.06492,32.00142,-1.00000
6.96130,54.24440,1.00000
3.97167,56.82722,-1.00000
2.07802,79.11488,-1.00000
1.33652,95.56203,-1.00000
1.40053,33.62331,-1.00000
7.77032,67.06747,1.00000
3.73037,59.36819,-1.00000
1.17730,48.09075,-1.00000
1.83327,71.34431,-1.00000
8.19531,35.13999,-1.00000
4.79555,54.81538,1.00000
8.45979,96.09226,1.00000
6.60935,72.83238,-1.00000
3.77151,82.79867,-1.00000
7.93935,55.76040,1.00000
2.12302,54.90682,-1.00000
7.40742,62.26789,-1.00000
1.43750,68.29795,-1.00000
8.94608,47.53111,1.00000
3.98152,98.27218,1.00000
3.23654,70.34691,1.00000
6.93810,51.31940,1.00000
6.37432,91.91992,1.00000
2.58850,94.71762,1.00000
6.71516,62.09454,1.00000
8.01433,52.16590,1.00000
1.37267,94.60032,-1.00000
8.62657,39.21525,1.00000
7.54543,98.10367,1.00000
4.26408,30.18040,-1.00000
4.36852,61.14845,-1.00000
7.85696,97.29675,1.00000
3.34026,43.67724,-1.00000
1.43996,56.83636,-1.00000
5.88236,81.64251,1.00000
4.02579,58.70046,-1.00000
7.82600,39.97979,1.00000
3.48723,60.18445,-1.00000
1.69013,73.32022,-1.00000
4.07557,61.75340,-1.00000
7.15306,51.71709,-1.00000
2.02413,50.13626,-1.00000
1.90419,45.29240,-1.00000
1.83406,57.78971,-1.00000
6.75043,96.57170,1.00000
7.48401,42.95843,1.00000
6.21733,60.71152,-1.00000
8.98296,42.80672,-1.00000
2.37543,70.99279,-1.00000
6.94140,86.52889,1.00000
7.44922,58.45345,-1.00000
5.73111,35.19424,-1.00000
4.06672,58.58170,1.00000
6.61573,32.87590,1.00000
2.77027,35.10503,-1.00000
6.12180,59.18457,-1.00000
4.64474,41.74427,-1.00000
3.72027,76.52311,-1.00000
7.74765,81.31026,1.00000
8.61021,59.03367,1.00000
5.77250,33.37474,-1.00000
4.42236,83.35627,1.00000
5.04199,50.60868,-1.00000
3.17306,68.38177,-1.00000
8.18117,96.61316,1.00000
4.81519,61.92486,1.00000
2.52553,78.20883,-1.00000
4.73700,81.50793,-1.00000
1.72283,53.89437,-1.00000
5.53351,53.90382,-1.00000
8.90165,52.29460,1.00000
5.47209,35.05691,1.00000
7.62706,75.60208,-1.00000
6.81288,38.67512,1.00000
4.48124,78.65284,-1.00000
3.61806,72.36521,1.00000
6.27076,71.64864,-1.00000
8.43674,92.85921,1.00000
6.89723,59.10803,-1.00000
1.73672,91.81571,1.00000
7.16024,84.76984,-1.00000
4.40053,81.71826,1.00000
2.03481,38.76536,-1.00000
1.94998,47.88754,-1.00000
8.16294,71.17063,1.00000
3.97493,92.07585,1.00000
3.60586,62.94925,1.00000
4.11125,46.10844,-1.00000
6.86023,90.85986,1.00000
5.12054,49.57257,-1.00000
5.86561,45.61338,1.00000
2.40190,55.54981,-1.00000
2.42935,48.94882,-1.00000
5.09633,42.30389,-1.00000
7.88576,33.45272,1.00000
3.56388,55.63903,-1.00000
8.90738,77.11142,1.00000
3.77825,64.42248,-1.00000
8.53452,76.29499,1.00000
1.59289,71.91438,-1.00000
1.46444,50.49679,-1.00000
2.65442,72.61510,1.00000
1.32183,65.22854,-1.00000
1.37012,36.32064,-1.00000
3.81718,58.31333,1.00000
8.31083,66.83505,1.00000
8.75795,42.76012,1.00000
3.06031,35.79004,-1.00000
1.19659,97.13258,1.00000
8.46762,93.43839,1.00000
3.83074,96.26236,1.00000
7.05278,53.70109,1.00000
3.50108,99.41221,1.00000
8.32155,87.38415,1.00000
4.02183,68.42318,-1.00000
2.71672,81.01983,1.00000
7.24330,32.85364,-1.00000
7.09015,76.60191,1.00000
6.20620,91.12869,1.00000
2.46682,41.75886,-1.00000
6.06348,78.49917,-1.00000
3.69374,97.09377,1.00000
2.81039,78.26505,-1.00000
1.05365,45.81678,-1.00000
1.20649,67.44907,-1.00000
1.09792,55.33520,-1.00000
4.00002,70.24752,1.00000
7.33511,70.32021,-1.00000
4.10654,89.93553,1.00000
1.07059,48.15432,-1.00000
7.63752,48.25434,1.00000
6.99976,37.63456,1.00000
8.41817,68.99436,1.00000
4.03451,76.36705,1.00000
7.29518,93.69204,1.00000
3.36007,73.99178,-1.00000
3.18824,35.92575,-1.00000
7.80227,80.51291,1.00000
5.01214,62.19499,1.00000
2.67366,95.52607,1.00000
4.56621,99.69965,1.00000
8.45233,49.30482,1.00000
5.09499,99.71609,1.00000
3.84970,52.64428,1.00000
7.09780,80.87089,1.00000
5.63690,98.35324,1.00000
4.11594,68.76055,1.00000
1.29219,39.37144,-1.00000
6.23201,55.70207,-1.00000
8.03243,56.47508,1.00000
6.72403,63.45331,1.00000
7.97883,45.19796,1.00000
1.97225,59.29565,-1.00000
8.91372,90.17784,1.00000
3.51536,54.02329,-1.00000
4.63913,67.02321,-1.00000
6.79413,95.20659,1.00000
3.39925,89.66927,1.00000
1.91855,85.81930,-1.00000
5.49342,92.77669,1.00000
1.13275,98.85960,-1.00000
3.55919,68.91975,1.00000
7.31755,75.52564,1.00000
7.37105,46.71606,-1.00000
8.12894,84.79999,1.00000
2.72717,67.56567,-1.00000
1.51952,44.83401,-1.00000
3.59632,34.26468,-1.00000
1.48714,36.71241,-1.00000
1.26067,44.47442,-1.00000
7.59718,61.02520,1.00000
8.87847,86.55799,1.00000
3.12200,47.86616,-1.00000
6.73848,99.61044,1.00000
7.41188,56.90541,-1.00000
5.10872,81.20167,-1.00000
7.58535,71.52136,1.00000
6.46391,80.16570,1.00000
1.77341,76.23488,-1.00000
7.29533,66.70335,1.00000
2.89253,91.35954,1.00000
8.63955,70.34488,1.00000
3.76643,97.70801,-1.00000
7.03889,55.86775,1.00000
4.81161,40.09878,-1.00000
1.31961,60.01406,-1.00000
6.38501,73.07884,1.00000
8.77075,77.27719,1.00000
5.62232,77.95892,1.00000
8.06484,96.65896,1.00000
3.39592,68.38566,-1.00000
1.28362,43.86551,-1.00000
3.79939,55.51518,-1.00000
8.63118,95.52672,1.00000
1.94298,41.30622,-1.00000
5.00235,81.34548,1.00000
1.08456,85.22291,-1.00000
6.97417,39.21961,-1.00000
4.66868,61.03011,-1.00000
7.48356,95.65083,1.00000
1.10623,43.87742,-1.00000
7.87248,86.89159,1.00000
5.95317,68.33340,1.00000
5.39839,96.04268,1.00000
3.28697,65.28384,1.00000
2.06353,74.64709,-1.00000
2.63766,43.03558,-1.00000
4.37334,96.35015,1.00000
6.72831,93.21275,1.00000
4.83253,94.65635,1.00000
5.46940,66.26764,1.00000
2.51375,36.19429,-1.00000
6.29380,86.74384,-1.00000
4.86883,61.57173,-1.00000
6.64802,53.54662,-1.00000
3.98582,51.19673,-1.00000
7.13726,71.05099,1.00000
1.32666,58.23587,-1.00000
1.53086,45.49915,-1.00000
3.22271,69.63648,-1.00000
6.19201,61.78555,-1.00000
8.92254,95.46716,1.00000
3.85824,78.06754,-1.00000
5.56738,92.52629,1.00000
8.92004,61.11988,1.00000
5.18820,41.80257,-1.00000
5.59808,93.56319,1.00000
2.69140,75.44101,1.00000
4.50469,35.06005,-1.00000
5.70742,93.88698,1.00000
1.47352,30.54100,-1.00000
1.73252,42.12794,-1.00000
5.07480,31.44808,-1.00000
2.70520,97.64869,-1.00000
1.27626,76.82604,-1.00000
3.12653,33.34705,-1.00000
6.14481,56.40922,1.00000
1.82063,48.38079,-1.00000
8.83894,83.54952,1.00000
8.25020,50.52552,-1.00000
4.45865,39.64173,-1.00000
7.51407,88.76604,1.00000
4.75608,93.48431,1.00000
4.96066,33.28245,-1.00000
7.22262,77.52905,1.00000
1.35787,33.70970,-1.00000
3.39388,62.86210,-1.00000
1.48225,37.99908,-1.00000
5.46508,44.24435,-1.00000
4.95763,63.14974,-1.00000
7.22964,49.36364,1.00000
4.62352,96.52048,1.00000
2.96727,73.32004,-1.00000
6.00237,56.07538,1.00000
5.86942,78.45213,1.00000
4.43507,55.13078,-1.00000
2.69079,53.70820,-1.00000
8.00821,55.66955,1.00000
4.27545,37.06236,-1.00000
6.56548,93.65499,1.00000
8.36159,67.92547,1.00000
4.64059,76.85484,1.00000
6.08110,36.07659,-1.00000
5.93350,41.20625,-1.00000
8.59156,48.18001,1.00000
3.90301,75.33180,-1.00000
5.71989,66.57789,-1.00000
1.18317,61.97300,-1.00000
5.74681,39.72855,-1.00000
5.65919,80.45586,1.00000
8.17724,91.68678,1.00000
8.70162,96.23291,1.00000
8.92659,82.89688,1.00000
7.37426,90.54539,1.00000
6.66029,56.29068,1.00000
3.89110,87.46761,1.00000
1.37849,38.18624,-1.00000
2.08695,66.68863,-1.00000
1.92192,68.56448,1.00000
5.75338,80.47067,1.00000
2.13009,52.48591,-1.00000
6.87457,77.48066,1.00000
1.27374,84.80714,-1.00000
7.87274,99.21926,1.00000
1.96257,39.79044,-1.00000
2.91518,84.30937,-1.00000
8.49253,69.63867,1.00000
4.20771,69.65716,-1.00000
2.88151,79.01336,-1.00000
1.76865,71.00076,-1.00000
1.20943,51.71445,-1.00000
4.20728,69.22630,1.00000
3.19099,49.18360,-1.00000
7.22513,56.90521,1.00000
7.07668,87.28602,1.00000
7.61551,98.42176,1.00000
7.23287,39.00420,1.00000
5.35333,42.18820,1.00000
6.60005,58.31256,1.00000
2.48920,35.92412,-1.00000
5.53174,66.07922,-1.00000
3.06645,90.27638,-1.00000
2.04364,33.40800,-1.00000
2.56351,73.69782,1.00000
3.97360,55.72837,-1.00000
5.15038,77.88368,1.00000
5.91473,42.51423,-1.00000
7.39264,71.91667,-1.00000
8.21608,73.72008,1.00000
7.86879,51.83670,1.00000
5.22354,66.47374,-1.00000
8.88726,93.01842,1.00000
2.72150,30.46018,-1.00000
5.83035,81.92971,1.00000
1.39115,85.47752,1.00000
5.08848,81.38454,-1.00000
1.00942,78.58329,-1.00000
1.71506,35.60370,-1.00000
1.10432,71.11932,-1.00000
4.27216,64.33748,1.00000
1.75823,49.13528,-1.00000
3.36167,37.84067,-1.00000
2.97258,32.35804,-1.00000
7.78168,88.15020,1.00000
4.50813,52.47708,1.00000
8.72663,58.04567,1.00000
3.26324,86.88559,1.00000
8.05431,76.01170,1.00000
2.05485,53.57470,-1.00000
3.93829,60.45422,-1.00000
8.08287,92.51717,1.00000
6.49650,99.94348,1.00000
2.20192,65.25917,1.00000
1.33290,45.63035,-1.00000
5.43675,34.49180,-1.00000
5.42391,82.85910,1.00000
1.49517,38.65916,-1.00000
6.33539,41.91659,1.00000
8.69343,48.04108,1.00000
3.69584,73.92549,-1.00000
5.14827,55.92981,1.00000
7.92442,86.40420,1.00000
4.51145,56.79822,1.00000
7.17371,90.88885,1.00000
4.66124,99.38837,1.00000
3.30166,45.53599,-1.00000
5.17775,71.35914,1.00000
1.46568,96.07500,-1.00000
3.02971,95.38363,-1.00000
2.97274,71.59203,-1.00000
8.10386,47.63869,1.00000
1.87711,86.38842,-1.00000
6.56546,88.52854,1.00000
8.90584,97.43516,1.00000
3.17911,57.26712,-1.00000
5.68739,36.81556,1.00000
6.75742,93.34917,1.00000
7.76142,55.21458,1.00000
5.39543,88.09028,1.00000
2.89483,82.34218,1.00000
8.92293,31.64645,1.00000
3.76194,41.01734,-1.00000
7.38089,99.89865,1.00000
2.54063,63.80235,-1.00000
4.93561,91.21145,1.00000
6.11077,51.68170,1.00000
1.52153,76.36859,-1.00000
4.11969,77.00798,-1.00000
1.71255,46.76381,-1.00000
1.64501,95.48976,-1.00000
7.34250,90.23696,1.00000
6.25646,41.13931,-1.00000
3.43269,41.51450,-1.00000
3.14018,69.96831,-1.00000
3.29126,84.23772,1.00000
4.07091,30.79498,-1.00000
3.31519,45.42900,-1.00000
8.63910,44.00447,1.00000
1.08651,98.68664,1.00000
8.63525,57.66649,1.00000
6.46817,55.00035,1.00000
1.36546,96.16256,1.00000
2.34910,37.39481,-1.00000
4.13243,47.32399,-1.00000
6.62201,94.31432,1.00000
3.75914,65.11152,1.00000
1.19955,90.38904,-1.00000
2.40775,78.28601,1.00000
7.51326,59.11094,1.00000
3.80158,49.37941,1.00000
4.68962,99.92496,1.00000
2.26226,42.38921,-1.00000
5.50621,32.01405,1.00000
5.02952,94.61068,1.00000
5.80372,55.82335,1.00000
7.85271,30.79131,1.00000
1.15255,44.03902,-1.00000
1.95656,87.89956,-1.00000
3.57346,51.05245,1.00000
4.57490,37.99684,-1.00000
4.37135,60.02747,-1.00000
2.36152,78.26452,1.00000
3.54760,99.83337,1.00000
2.08889,81.94364,-1.00000
5.79393,32.95824,-1.00000
6.78278,59.65066,1.00000
6.70083,48.37726,-1.00000
1.10254,51.69050,-1.00000
8.45734,66.80889,1.00000
4.61206,99.23374,-1.00000
8.34100,34.24174,-1.00000
6.12556,79.21063,1.00000
6.62986,63.83518,1.00000
8.11331,97.78533,1.00000
2.27752,79.08722,1.00000
5.45682,72.20542,-1.00000
8.64758,81.62370,1.00000
1.87607,53.86370,-1.00000
8.15480,97.61987,1.00000
2.08684,37.46313,-1.00000
6.25270,37.65687,1.00000
6.01684,80.44443,-1.00000
8.29959,48.61845,1.00000
3.11481,44.02424,-1.00000
5.41974,36.16064,-1.00000
3.86037,75.12659,-1.00000
1.72732,53.41048,-1.00000
3.25365,69.57356,-1.00000
2.88030,87.95374,1.00000
6.63364,79.66126,1.00000
1.75311,32.84740,-1.00000
8.91400,90.59941,1.00000
4.88338,98.22129,-1.00000
4.63666,70.37810,-1.00000
3.68490,70.65271,1.00000
7.60968,53.21761,1.00000
8.73858,75.41259,1.00000
4.74355,57.26342,1.00000
4.76990,85.56584,1.00000
6.31341,86.15188,1.00000
3.13005,62.36692,-1.00000
4.03821,90.93874,1.00000
2.27836,56.73405,-1.00000
5.83382,42.04733,-1.00000
6.10959,86.95074,-1.00000
7.92451,42.78845,-1.00000
8.64160,93.08938,1.00000
5.85763,92.18691,1.00000
7.54825,79.02861,1.00000
4.38979,38.73421,-1.00000
8.83593,92.84847,1.00000
1.17410,53.18366,-1.00000
2.96788,72.25874,-1.00000
2.82368,44.20425,-1.00000
7.54551,57.17317,1.00000
6.44313,63.77952,1.00000
8.77039,85.11798,1.00000
1.32737,54.62152,-1.00000
7.36896,76.63440,1.00000
2.57774,68.78564,-1.00000
5.28761,66.95444,1.00000
7.72491,68.69111,-1.00000
1.34392,33.05273,-1.00000
5.44709,91.98805,1.00000
2.61923,97.39797,-1.00000
3.09562,58.86187,-1.00000
8.52845,58.79229,1.00000
4.53757,63.58690,1.00000
6.95189,57.84956,-1.00000
2.04138,73.23539,-1.00000
1.21668,80.48243,-1.00000
5.34377,85.82990,1.00000
8.68925,44.45057,1.00000
3.75466,67.29956,1.00000
7.43110,97.76640,1.00000
3.88584,47.37696,-1.00000
1.36785,41.56750,-1.00000
8.34628,84.24403,1.00000
3.95768,60.36903,1.00000
2.47271,42.37746,-1.00000
3.34680,72.93997,-1.00000
8.26403,84.08700,1.00000
5.76460,44.85638,-1.00000
7.04107,90.58474,1.00000
8.82049,87.61684,1.00000
8.83674,46.73746,1.00000
4.66267,67.53784,1.00000
8.62044,79.01625,1.00000
8.59576,69.24369,1.00000
6.78212,98.48737,1.00000
8.55590,42.34287,1.00000
6.74929,38.16985,-1.00000
6.31729,41.68231,-1.00000
6.67756,91.43003,1.00000
2.08320,44.97304,-1.00000
1.76964,74.88304,1.00000
7.17611,48.52259,-1.00000
4.73281,51.82136,-1.00000
8.88902,98.83493,1.00000
1.29776,53.07971,-1.00000
3.08480,70.77950,1.00000
4.47916,70.27521,-1.00000
6.90460,64.53116,1.00000
1.75636,45.63530,-1.00000
7.18767,94.20699,1.00000
3.65373,72.45690,1.00000
7.05514,42.31000,1.00000
3.32675,31.03690,-1.00000
2.50853,62.94281,-1.00000
2.01370,80.76825,-1.00000
1.57604,55.97464,-1.00000
5.59896,89.54169,1.00000
5.08915,33.09730,1.00000
1.37423,49.40714,-1.00000
3.58596,39.37187,-1.00000
6.77758,74.72132,1.00000
6.78129,58.21094,1.00000
1.19135,31.50430,-1.00000
3.12360,80.51156,-1.00000
5.76834,72.58885,1.00000
5.02461,53.99014,-1.00000
5.88802,35.22830,-1.00000
4.31037,99.55473,1.00000
7.84620,94.10627,1.00000
2.71826,79.73051,1.00000
3.58287,45.96416,-1.00000
1.06823,77.49995,-1.00000
5.92489,48.81852,-1.00000
4.63027,54.63756,-1.00000
8.08080,73.10407,1.00000
4.58244,69.60110,1.00000
2.38200,67.30968,-1.00000
6.06941,99.01064,1.00000
7.08716,62.84413,1.00000
6.96727,63.76474,-1.00000
2.85646,85.52406,-1.00000
5.89002,94.68726,1.00000
8.70285,33.24973,1.00000
7.46220,35.64322,1.00000
8.25520,46.03553,-1.00000
5.77871,65.99798,-1.00000
5.66944,64.22472,1.00000
5.65555,90.75608,1.00000
2.45921,54.66450,-1.00000
3.51921,82.03367,-1.00000
6.94923,72.05013,1.00000
3.99666,98.94446,1.00000
3.55975,59.24015,-1.00000
5.12365,47.88994,-1.00000
1.24610,73.04643,-1.00000
4.78568,36.21042,-1.00000
6.91407,56.42575,1.00000
2.86339,50.34044,-1.00000
5.90149,33.12331,1.00000
5.76786,62.86679,1.00000
1.00164,88.03150,-1.00000
5.50318,34.66741,-1.00000
1.85199,94.29068,-1.00000
1.91593,33.89126,-1.00000
7.11601,82.36040,1.00000
6.08337,44.17115,-1.00000
2.60445,34.93757,-1.00000
5.59034,48.34205,1.00000
4.82998,82.86194,-1.00000
2.16644,84.38374,-1.00000
2.32669,48.83832,-1.00000
2.18771,68.01983,-1.00000
1.86374,38.71112,-1.00000
8.96349,43.05373,-1.00000
5.54248,50.23432,-1.00000
7.08773,31.86952,-1.00000
1.04765,75.96960,-1.00000
4.47430,98.10544,-1.00000
3.44287,42.37969,-1.00000
8.64497,92.92346,1.00000
5.38744,42.97291,-1.00000
2.87945,32.60879,-1.00000
6.63761,55.99111,1.00000
4.27040,34.33758,1.00000
8.20468,47.41862,1.00000
3.32711,31.48714,-1.00000
3.41480,95.46591,1.00000
2.53615,58.67605,1.00000
6.23293,98.94899,1.00000
2.18135,79.51889,-1.00000
7.81421,35.55843,1.00000
3.91242,93.95274,1.00000
6.35682,90.07041,1.00000
4.37517,87.90029,1.00000
1.93822,35.89732,-1.00000
3.14743,85.80837,1.00000
2.54153,73.63606,1.00000
5.16966,99.17624,1.00000
8.51694,93.83815,1.00000
6.21716,48.25518,1.00000
6.36070,98.62589,1.00000
3.71172,38.36878,1.00000
5.99424,99.09535,1.00000
6.79458,88.96146,1.00000
6.67321,64.55118,1.00000
2.39805,86.15940,1.00000
6.48394,51.10218,1.00000
7.65435,40.88460,1.00000
7.97620,54.42905,1.00000
7.62714,85.99269,1.00000
4.61017,68.39081,-1.00000
2.41400,82.07894,1.00000
6.82814,70.44324,1.00000
6.20992,31.38850,-1.00000
4.05689,58.98781,-1.00000
1.77235,47.45654,-1.00000
7.59578,71.26532,1.00000
5.24279,68.97193,-1.00000
6.08273,46.29767,-1.00000
5.56693,64.12184,1.00000
4.01583,70.92004,1.00000
6.99009,79.74084,1.00000
3.70754,74.51030,1.00000
2.55458,58.81158,-1.00000
6.00234,60.05526,1.00000
4.31401,69.25974,-1.00000
3.54786,69.80082,1.00000
6.96471,59.82949,-1.00000
4.47253,88.77701,1.00000
5.99487,72.98891,-1.00000
3.88629,49.73089,-1.00000
8.09382,53.55366,1.00000
8.09511,83.98637,1.00000
3.76260,54.69206,-1.00000
7.01665,95.65649,1.00000
7.33927,72.34042,1.00000
8.29410,95.88772,1.00000
4.17348,35.51338,-1.00000
6.20688,46.82697,-1.00000
8.75483,80.24286,1.00000
1.62869,72.20987,-1.00000
1.60200,81.75412,-1.00000
3.56509,41.28115,-1.00000
8.05014,57.63896,1.00000
7.99438,67.56492,1.00000
1.99868,59.35305,-1.00000
8.70500,36.63360,-1.00000
4.75832,49.52421,-1.00000
4.87102,45.31820,-1.00000
1.89598,52.01259,-1.00000
7.28314,55.39873,1.00000
6.88376,84.65859,-1.00000
4.50818,86.52676,1.00000
7.85111,78.61275,1.00000
7.25709,43.14218,-1.00000
1.47239,83.31460,-1.00000
3.52904,95.98518,1.00000
2.72430,40.62481,-1.00000
3.65929,54.57054,1.00000
5.26716,74.43987,-1.00000
1.41074,56.53224,-1.00000
8.13188,47.95853,1.00000
6.55797,65.12799,1.00000
7.58037,75.97674,1.00000
3.59106,68.60314,1.00000
3.15753,58.45117,-1.00000
8.00346,39.27600,-1.00000
7.67645,46.59852,1.00000
5.02339,45.85733,1.00000
1.59357,72.84707,-1.00000
6.19739,68.32316,1.00000
7.36193,85.26095,1.00000
4.91582,87.64640,1.00000
5.42742,66.75429,1.00000
8.02194,96.23705,1.00000
5.18342,76.20341,1.00000
1.39129,87.50601,-1.00000
4.26383,74.94606,-1.00000
7.26201,98.86056,1.00000
3.70809,57.59567,1.00000
8.11297,86.40811,1.00000
1.23653,45.77524,-1.00000
1.80603,71.30706,-1.00000
3.66633,34.06859,-1.00000
3.33669,86.87637,1.00000
8.82347,36.10441,1.00000
8.25033,88.04173,1.00000
2.37053,39.37572,-1.00000
4.06932,33.88766,-1.00000
2.00962,89.71060,-1.00000
3.63317,83.81788,-1.00000
4.66420,66.23943,-1.00000
4.67525,39.74139,-1.00000
6.32750,69.23820,1.00000
1.67915,57.37483,-1.00000
6.48041,90.78347,1.00000
4.67234,38.64381,-1.00000
6.71576,71.18902,1.00000
6.00274,76.18688,1.00000
7.15176,33.30286,1.00000
5.71198,77.89132,1.00000
1.88055,67.61433,1.00000
3.62368,80.04424,-1.00000
2.03898,92.28260,1.00000
4.00128,33.82728,-1.00000
1.12616,60.96077,-1.00000
7.99714,68.71150,1.00000
3.32024,67.35685,1.00000
8.74330,88.87560,1.00000
3.78838,75.07099,-1.00000
3.77413,88.04486,-1.00000
6.16552,73.46017,1.00000
3.12180,32.53585,-1.00000
7.19776,67.18891,-1.00000
6.59804,81.50045,-1.00000
2.44869,34.14112,-1.00000
7.97612,65.72042,1.00000
5.12065,67.49754,-1.00000
4.17941,57.01210,-1.00000
2.33920,66.42557,-1.00000
4.46837,41.08667,-1.00000
2.90449,62.08698,1.00000
8.79309,79.91555,1.00000
5.65463,83.52939,1.00000
4.88373,42.24301,1.00000
3.33588,47.85691,-1.00000
8.37545,72.65373,1.00000
3.91839,57.72311,-1.00000
7.89054,87.24647,1.00000
6.53029,90.22347,1.00000
2.17554,85.23852,-1.00000
1.77184,53.04957,-1.00000
5.17198,34.27868,-1.00000
3.04842,71.85884,-1.00000
8.81186,57.01795,1.00000
5.97851,42.55267,-1.00000
1.19576,88.08371,1.00000
6.35354,38.29542,-1.00000
8.67991,60.06697,1.00000
2.57982,52.21916,-1.00000
7.46241,88.34601,1.00000
8.89012,59.15409,1.00000
1.55651,42.33807,-1.00000
8.56687,43.71130,1.00000
4.25815,41.55989,-1.00000
6.06259,32.64443,1.00000
2.86351,70.59693,1.00000
2.97739,61.01936,-1.00000
1.83716,38.13905,-1.00000
7.50683,63.46026,1.00000
2.75435,32.55727,-1.00000
3.23832,88.95371,-1.00000
1.75941,84.11587,-1.00000
8.29607,93.93996,1.00000
7.85674,98.61381,1.00000
6.58087,37.09732,-1.00000
5.09673,81.21792,-1.00000
2.20805,82.26935,-1.00000
2.78996,38.30963,-1.00000
7.12701,49.82398,1.00000
5.48760,59.42078,-1.00000
1.40072,89.67284,-1.00000
6.85469,78.71293,-1.00000
2.76664,74.69361,-1.00000
8.39761,80.96801,1.00000
7.48182,97.49385,1.00000
3.21543,58.54251,1.00000
6.21076,62.61938,-1.00000
4.15992,58.85127,-1.00000
1.26748,30.09142,-1.00000
8.30321,64.65569,1.00000
8.98340,51.76252,1.00000
4.01559,44.56896,1.00000
2.43691,47.66204,-1.00000
4.35824,55.34238,-1.00000
6.77761,73.89405,1.00000
7.46952,44.68390,-1.00000
3.38080,82.99038,-1.00000
6.59588,54.90517,1.00000
2.25153,77.79551,-1.00000
4.52335,84.17311,1.00000
2.65155,64.38873,-1.00000
7.50982,66.06809,1.00000
2.60385,32.89517,-1.00000
3.21883,70.34969,-1.00000
1.05068,64.41729,-1.00000
4.34935,91.05791,1.00000
3.95466,71.98641,-1.00000
8.05795,66.58358,1.00000
1.16615,64.24926,-1.00000
3.79539,53.83091,-1.00000
7.14891,86.15865,1.00000
8.80586,33.54254,1.00000
1.62365,84.39518,-1.00000
1.11612,96.02665,-1.00000
3.58574,81.57502,-1.00000
2.35479,99.39364,1.00000
3.14759,99.11047,1.00000
1.74000,46.05067,-1.00000
7.76527,76.62693,1.00000
5.44382,96.78685,1.00000
8.53519,65.10816,1.00000
5.60858,98.54476,1.00000
1.36321,89.88348,-1.00000
5.62668,40.72737,-1.00000
6.39837,43.01551,1.00000
6.44564,63.98177,1.00000
3.16381,52.59609,1.00000
3.29454,35.29168,-1.00000
5.57574,80.79374,1.00000
3.95883,80.49476,1.00000
2.48882,67.78469,-1.00000
1.73241,86.09208,-1.00000
7.94529,54.38388,1.00000
1.00353,60.34308,-1.00000
2.20046,38.34384,-1.00000
4.96387,35.29324,1.00000
4.72443,82.73899,1.00000
4.45194,79.72624,1.00000
7.11779,31.35166,1.00000
2.32818,85.40101,1.00000
6.18201,54.43409,-1.00000
2.99404,48.42766,-1.00000
5.46863,89.93167,1.00000
5.88537,90.05566,1.00000
5.38688,96.20258,-1.00000
1.10593,91.22585,-1.00000
8.06210,50.32100,1.00000
2.19564,38.68027,-1.00000
1.67150,89.29493,-1.00000
2.20046,49.86281,-1.00000
7.65268,52.56156,1.00000
6.17903,96.77394,1.00000
7.66417,33.47925,-1.00000
6.24131,50.42419,1.00000
7.18430,72.12212,1.00000
4.40101,98.82028,-1.00000
5.81545,48.18284,-1.00000
2.43816,66.72852,-1.00000
4.66246,46.68222,-1.00000
1.46567,38.11911,-1.00000
6.16700,74.31013,1.00000
4.61052,84.61599,1.00000
5.10081,39.42146,-1.00000
6.66667,48.27409,1.00000
3.61520,33.73550,-1.00000
2.74500,44.34632,-1.00000
5.87107,50.92904,-1.00000
3.78078,81.73981,1.00000
2.89649,59.17499,-1.00000
7.66285,39.93018,1.00000
8.17502,72.60287,1.00000
2.09898,83.90164,-1.00000
6.22587,75.49947,1.00000
7.68483,80.63801,1.00000
2.95181,63.01978,-1.00000
5.55717,40.33639,1.00000
5.81865,80.80643,1.00000
3.87374,95.33928,1.00000
1.93508,97.93627,1.00000
1.40755,98.59884,-1.00000
6.14249,63.80228,1.00000
4.30122,77.68468,-1.00000
4.70585,40.73118,-1.00000
3.77355,85.91719,-1.00000
6.45752,58.64853,1.00000
3.04321,46.03918,1.00000
1.08683,55.27992,-1.00000
2.35046,62.53926,1.00000
7.93730,43.49801,1.00000
6.05816,92.68597,1.00000
1.18436,35.07820,-1.00000
8.29391,70.73559,1.00000
5.36582,45.68007,-1.00000
8.74946,38.79325,1.00000
1.83797,46.33595,-1.00000
1.96956,39.30933,-1.00000
5.58007,61.36803,-1.00000
2.64730,78.48552,-1.00000
2.50751,30.50821,-1.00000
2.21297,35.26705,-1.00000
2.31538,86.38980,1.00000
8.32180,52.60936,1.00000
1.99732,43.57138,-1.00000
7.17305,55.71940,1.00000
7.95076,58.99789,1.00000
5.13726,79.97277,1.00000
4.69842,36.58091,-1.00000
6.19273,96.34623,1.00000
1.20602,60.01576,-1.00000
3.50527,64.89512,-1.00000
2.03324,79.04496,-1.00000
6.49303,48.42291,1.00000
7.06206,84.66104,1.00000
2.13491,71.39725,-1.00000
6.03017,93.79863,-1.00000
8.43406,90.84950,1.00000
5.56055,57.85733,1.00000
6.59503,97.61361,1.00000
3.39968,71.99552,-1.00000
2.10179,80.44496,1.00000
3.49458,44.62474,-1.00000
2.60988,54.95487,-1.00000
4.12899,41.08952,-1.00000
7.35838,56.12533,1.00000
8.43080,86.09919,1.00000
2.07155,37.08643,-1.00000
6.76508,61.97429,-1.00000
5.59221,60.59729,1.00000
5.64312,96.16968,1.00000
2.09149,63.34992,-1.00000
4.84330,43.49509,-1.00000
1.34866,80.48215,1.00000
5.87679,38.46542,-1.00000
5.64847,31.70786,-1.00000
8.23120,74.24206,1.00000
1.00505,39.45739,-1.00000
4.67133,39.31571,-1.00000
7.78210,81.94265,1.00000
1.06152,65.57629,-1.00000
3.91051,94.81054,1.00000
2.29171,42.13192,-1.00000
5.18560,43.21793,1.00000
4.25699,51.11544,1.00000
1.45322,71.92312,-1.00000
6.21374,50.24948,-1.00000
1.10201,52.69744,-1.00000
4.77214,67.14572,1.00000
8.82013,79.35642,1.00000
6.10388,98.34203,1.00000
5.20845,76.12917,-1.00000
6.36921,46.13457,1.00000
7.49394,98.09716,1.00000
5.35500,47.05858,-1.00000
5.63480,95.86538,1.00000
4.18999,51.79408,-1.00000
4.35989,62.88779,1.00000
7.00366,75.95562,1.00000
2.92769,78.33776,-1.00000
7.09771,54.10015,1.00000
2.55371,76.53503,-1.00000
5.16408,70.43765,-1.00000
4.08771,41.27884,-1.00000
5.81225,77.11388,-1.00000
8.28573,98.65430,1.00000
3.57975,80.09253,-1.00000
7.43599,37.58457,1.00000
4.38632,95.66034,1.00000
6.75424,38.72750,-1.00000
5.40751,41.22205,-1.00000
4.32703,50.34892,1.00000
3.98285,71.37456,-1.00000
6.51799,50.48550,1.00000
6.27704,61.90915,1.00000
4.00371,84.39482,-1.00000
1.03400,44.95124,-1.00000
4.95779,51.02198,-1.00000
6.64604,55.35131,-1.00000
8.36413,54.48329,1.00000
7.87984,98.24369,1.00000
4.13765,56.56012,-1.00000
6.22650,57.48674,1.00000
3.02849,89.98601,-1.00000
7.38237,83.95114,1.00000
2.94584,61.63926,1.00000
3.00130,54.63561,-1.00000
1.12788,34.18283,-1.00000
5.21573,55.83230,-1.00000
7.54144,35.08748,1.00000
7.62161,41.93649,-1.00000
5.52414,71.93815,1.00000
2.59488,49.10992,-1.00000
7.05421,51.00528,1.00000
7.33010,32.58605,1.00000
2.54498,53.90760,-1.00000
3.38380,77.99725,-1.00000
4.76308,36.00691,-1.00000
6.79190,37.16192,-1.00000
5.30915,43.42584,-1.00000
3.02039,67.42511,-1.00000
8.54342,79.60895,1.00000
6.53653,74.25557,-1.00000
7.15775,79.47185,1.00000
8.32854,86.88432,1.00000
4.02863,75.28906,-1.00000
5.89943,40.73749,1.00000
1.25292,60.87664,-1.00000
3.02155,45.73910,-1.00000
4.68928,33.87012,-1.00000
6.06148,72.59829,1.00000
5.00388,98.08547,1.00000
4.93698,34.97017,-1.00000
5.24136,39.31626,1.00000
7.87499,71.91546,1.00000
6.33114,56.74132,1.00000
7.22741,97.95775,1.00000
7.61511,44.70122,-1.00000
8.58347,48.00593,1.00000
7.72559,84.65653,1.00000
3.86668,62.92966,1.00000
1.37460,44.18705,-1.00000
5.49416,45.68497,-1.00000
5.09773,54.50655,1.00000
6.63113,44.49194,-1.00000
6.38323,92.79563,1.00000
7.43875,58.22433,-1.00000
4.47318,47.31871,1.00000
7.12255,88.79299,1.00000
4.19251,88.31703,-1.00000
7.12983,55.25603,-1.00000
4.18881,38.13350,-1.00000
4.07533,88.01281,1.00000
7.92758,69.90778,1.00000
6.18138,91.00803,1.00000
5.10019,90.44455,1.00000
5.56294,98.30492,1.00000
7.85631,33.37099,1.00000
2.48282,31.51019,-1.00000
7.98888,69.21047,1.00000
3.61525,69.07365,-1.00000
7.89593,73.75272,1.00000
7.61535,32.53709,1.00000
7.04946,93.17933,1.00000
4.43371,77.94869,1.00000
3.67321,60.33753,-1.00000
6.88679,76.57342,1.00000
4.33001,61.99820,1.00000
1.76404,90.21531,1.00000
4.91903,83.84965,1.00000
8.75625,73.41141,1.00000
7.39044,46.26467,1.00000
1.24127,65.55864,-1.00000
2.10771,81.78219,-1.00000
4.34638,66.75059,-1.00000
8.76123,87.66934,1.00000
4.61473,60.37594,-1.00000
4.00528,55.28968,1.00000
7.15690,66.36993,1.00000
1.33898,86.89706,1.00000
6.05565,85.11742,-1.00000
5.66931,97.01096,1.00000
5.93885,56.12285,1.00000
7.63803,95.77946,1.00000
5.81274,43.64304,-1.00000
3.43334,34.29550,-1.00000
3.30951,66.02851,1.00000
2.56743,95.93802,-1.00000
7.23621,41.87072,1.00000
6.62276,93.13318,1.00000
2.27169,71.40162,-1.00000
5.72021,98.01710,-1.00000
2.87077,57.67919,-1.00000
6.89397,90.85273,1.00000
7.89346,72.36384,1.00000
3.65363,42.52593,-1.00000
8.88832,64.73690,1.00000
6.13135,72.29258,-1.00000
1.54517,56.45770,-1.00000
6.20893,89.89144,1.00000
5.16935,66.55038,1.00000
2.99478,30.99486,-1.00000
1.15920,94.03840,-1.00000
8.78913,81.48112,1.00000
1.23403,86.88646,1.00000
5.80159,40.34280,-1.00000
8.77158,86.19605,1.00000
2.58991,41.22450,-1.00000
1.62036,82.15937,1.00000
8.84450,92.00292,1.00000
8.06185,82.48665,1.00000
5.76339,61.76553,1.00000
8.82407,71.25056,1.00000
2.11009,56.99466,-1.00000
5.65033,50.31108,1.00000
5.41515,80.51308,1.00000
8.81680,80.02282,1.00000
8.23137,79.56774,1.00000
7.73651,54.67933,-1.00000
8.40483,34.17044,-1.00000
2.65174,32.21310,-1.00000
3.85438,63.27495,1.00000
8.96292,52.30170,1.00000
6.02135,62.92943,1.00000
1.79753,32.61259,-1.00000
2.68218,76.80752,-1.00000
6.51688,82.95902,1.00000
4.27935,90.58262,1.00000
6.39910,74.14339,1.00000
1.40273,89.67791,-1.00000
3.65232,36.27170,-1.00000
4.11525,65.94550,-1.00000
5.89088,34.33724,-1.00000
4.72079,65.12842,1.00000
8.86835,86.41430,1.00000
1.95625,85.78679,-1.00000
8.99743,35.61565,-1.00000
4.84594,46.23618,-1.00000
6.86007,79.03218,1.00000
7.68399,39.80659,-1.00000
6.89007,87.88452,1.00000
6.50474,60.53770,-1.00000
2.23519,45.87874,-1.00000
8.07620,75.28740,1.00000
7.35976,64.13813,1.00000
7.20085,99.78612,1.00000
3.40191,89.05386,-1.00000
8.49555,49.17757,1.00000
4.65275,77.37774,-1.00000
7.43114,88.04661,1.00000
2.01606,44.02500,-1.00000
6.71077,65.62305,-1.00000
1.04724,58.89654,-1.00000
3.97690,58.36813,-1.00000
1.24144,64.61049,-1.00000
4.44638,55.48821,-1.00000
6.57464,96.01021,1.00000
5.18571,92.96265,1.00000
1.56267,39.72302,-1.00000
5.78573,90.30873,1.00000
1.70648,40.94818,-1.00000
7.21649,52.28814,1.00000
8.46586,96.14920,1.00000
3.57804,73.77297,1.00000
8.09046,36.92358,1.00000
4.18360,62.41911,-1.00000
5.83902,93.71535,1.00000
7.68427,42.61517,1.00000
5.30326,59.04830,1.00000
5.69495,50.92317,-1.00000
1.69776,96.39274,1.00000
7.12390,69.15427,-1.00000
4.94002,91.42258,1.00000
3.24521,54.04002,1.00000
8.94609,46.83383,1.00000
2.05585,30.87248,-1.00000
6.54227,72.55569,1.00000
6.82690,49.03694,1.00000
7.75098,42.05291,1.00000
6.52922,95.40817,1.00000
6.23984,90.11001,1.00000
7.35082,65.72668,1.00000
2.44898,30.55859,-1.00000
7.72037,39.13851,-1.00000
1.52644,82.80748,-1.00000
1.78656,57.66944,-1.00000
6.65274,40.26578,-1.00000
4.33126,49.75152,-1.00000
2.85527,59.94891,-1.00000
5.14729,65.99844,-1.00000
5.85147,30.43769,-1.00000
3.94415,88.46610,1.00000
3.00351,38.53511,-1.00000
7.08504,49.96564,-1.00000
1.54534,47.55209,-1.00000
1.84548,37.94419,-1.00000
4.65028,44.38471,-1.00000
2.68357,86.00053,1.00000
7.82421,77.45022,1.00000
4.91908,78.62245,1.00000
6.54357,80.48099,1.00000
8.15891,75.58744,1.00000
7.39825,82.87621,1.00000
8.82555,61.49688,1.00000
3.50407,71.23977,1.00000
6.04474,77.86115,-1.00000
3.34185,88.76116,1.00000
7.87381,40.21203,1.00000
1.61429,61.51503,-1.00000
8.31187,78.63129,1.00000
1.65332,52.10254,-1.00000
2.95956,84.75932,-1.00000
7.03771,47.73983,-1.00000
2.02114,99.81175,-1.00000
3.38002,54.45508,-1.00000
6.72494,81.29659,1.00000
4.61943,73.14026,1.00000
6.63154,97.72433,1.00000
4.55292,58.18191,1.00000
5.43976,36.01902,1.00000
6.94323,43.63422,1.00000
2.76098,38.55825,-1.00000
4.71657,50.94678,1.00000
3.32855,39.25319,-1.00000
6.62245,73.15802,1.00000
2.40609,92.32149,-1.00000
1.18894,74.29322,-1.00000
4.27626,81.39542,1.00000
6.77990,45.48792,-1.00000
5.42367,94.47546,1.00000
4.95969,63.64615,1.00000
6.88077,33.57974,1.00000
2.41190,55.12889,-1.00000
1.96905,87.98433,-1.00000
4.76139,81.04229,1.00000
6.36236,86.27753,1.00000
4.45743,87.16045,1.00000
1.50223,84.43692,-1.00000
1.20832,49.15902,-1.00000
4.83039,68.36350,1.00000
6.51287,67.61358,-1.00000
3.76807,32.43627,-1.00000
1.13346,84.43339,-1.00000
8.82334,62.41502,1.00000
3.93084,87.39009,1.00000
3.89585,78.66012,1.00000
1.88210,72.48201,-1.00000
3.06089,50.74187,-1.00000
3.75492,84.13402,1.00000
3.33775,70.76067,1.00000
5.13498,85.44470,1.00000
2.79995,93.86228,1.00000
1.42354,47.06473,-1.00000
7.83052,94.90681,1.00000
2.41400,63.94060,-1.00000
6.02944,75.47658,1.00000
1.21307,71.93860,-1.00000
7.68687,70.85456,1.00000
2.75216,48.03701,-1.00000
8.82269,55.39552,1.00000
1.66063,37.47507,-1.00000
6.45381,31.57319,1.00000
3.79131,48.53737,-1.00000
4.92255,33.74005,-1.00000
6.68206,54.06833,-1.00000
8.49319,76.02790,1.00000
5.43009,47.68891,-1.00000
5.46884,49.07490,-1.00000
5.37686,37.83773,-1.00000
3.67521,96.84963,-1.00000
1.12753,45.73533,-1.00000
5.35302,61.25514,-1.00000
6.07588,93.88274,1.00000
6.61762,46.60920,1.00000
6.68022,44.46501,-1.00000
4.17896,87.04944,1.00000
8.29653,86.75117,1.00000
7.23767,74.46295,1.00000
6.33178,41.75261,-1.00000
6.28090,72.96814,1.00000
8.35242,96.20466,1.00000
8.28036,64.56424,1.00000
1.58166,73.58968,-1.00000
8.38191,83.63627,1.00000
7.28636,53.02514,1.00000
4.73819,55.93348,-1.00000
4.24440,91.02239,-1.00000
1.15965,41.13359,-1.00000
7.98425,37.92969,1.00000
2.49497,95.67670,-1.00000
6.68001,44.66087,-1.00000
6.41233,47.30022,-1.00000
4.06316,88.98801,-1.00000
8.52606,87.25984,1.00000
5.84580,69.14189,1.00000
4.88349,75.22620,-1.00000
4.89968,44.27271,-1.00000
1.19921,49.03623,-1.00000
8.35800,99.66470,1.00000
7.46548,62.05073,1.00000
6.39529,95.72343,1.00000
7.05962,74.51721,1.00000
5.07894,39.68963,-1.00000
7.61503,82.43019,1.00000
2.53016,75.10818,-1.00000
7.13872,89.18796,1.00000
1.00361,77.40204,-1.00000
1.20686,55.60646,-1.00000
3.32372,40.06021,-1.00000
6.09619,62.85928,1.00000
4.30515,60.30185,-1.00000
3.52699,99.68498,1.00000
3.03278,32.90122,-1.00000
1.67994,38.24764,-1.00000
8.19081,60.46876,1.00000
4.27490,79.84772,-1.00000
4.54062,79.16370,1.00000
4.93729,47.41875,-1.00000
3.13928,37.57519,-1.00000
3.43784,59.76053,-1.00000
7.02122,95.11006,1.00000
5.19365,57.52786,-1.00000
3.63568,93.37600,1.00000
8.54949,48.81645,1.00000
3.17002,85.39660,1.00000
7.47833,79.21312,1.00000
4.91340,49.54672,-1.00000
5.13659,61.91300,-1.00000
4.89033,47.28428,1.00000
5.16811,54.00761,-1.00000
2.41936,87.30752,1.00000
2.22158,32.97625,-1.00000
6.68268,79.78931,-1.00000
7.77912,90.46270,1.00000
5.89345,72.09368,-1.00000
8.57885,81.99372,1.00000
5.06045,80.99005,-1.00000
3.51305,96.69929,1.00000
1.16752,52.42253,-1.00000
8.00651,42.19006,1.00000
2.22695,43.25779,-1.00000
3.22792,84.79272,1.00000
4.27350,55.30388,-1.00000
1.78462,59.47857,-1.00000
8.91847,70.97558,1.00000
1.80188,41.73400,-1.00000
6.58018,37.05918,-1.00000
6.58101,47.68714,-1.00000
8.44743,77.13251,1.00000
2.95029,75.08847,-1.00000
2.59002,57.26788,-1.00000
1.69803,35.13217,-1.00000
1.49479,35.92158,-1.00000
2.14975,86.66846,1.00000
5.67631,94.18422,1.00000
5.91421,73.51705,1.00000
6.47594,70.24850,1.00000
1.19920,61.09652,-1.00000
5.09991,65.20774,1.00000
1.20499,95.27726,-1.00000
8.30459,67.22075,1.00000
1.97548,64.63993,-1.00000
1.35650,37.84817,-1.00000
3.61198,31.61578,-1.00000
4.18204,81.39390,1.00000
3.42586,91.53880,-1.00000
4.45355,35.23350,-1.00000
8.48308,32.86887,-1.00000
7.43354,83.45014,1.00000
5.38793,85.90543,1.00000
7.47769,47.89395,-1.00000
2.76406,52.57193,-1.00000
1.49013,55.93020,-1.00000
4.27935,99.67827,1.00000
1.22683,52.64756,-1.00000
6.81753,84.44120,1.00000
3.38807,68.41916,-1.00000
4.43191,40.32643,-1.00000
2.21280,39.70813,-1.00000
7.65977,71.77615,1.00000
7.11135,83.26420,1.00000
7.07039,80.01130,1.00000
7.99345,54.41981,1.00000
1.27266,81.03712,1.00000
6.19012,52.45959,1.00000
8.67849,80.26240,1.00000
3.91472,86.33069,-1.00000
2.76799,49.72305,-1.00000
4.29857,63.75574,1.00000
5.79648,41.65407,1.00000
4.80915,89.65273,1.00000
3.95013,43.56147,-1.00000
3.24778,47.68745,-1.00000
4.20395,67.32903,-1.00000
3.67852,91.49009,1.00000
8.85086,46.35350,1.00000
5.86189,49.19043,1.00000
4.90168,68.22672,1.00000
8.99744,69.73324,1.00000
6.16672,49.12359,-1.00000
6.56746,53.08580,1.00000
3.61292,57.81042,-1.00000
4.27131,61.01448,-1.00000
5.04417,50.82916,-1.00000
4.62277,32.36691,-1.00000
4.60431,97.94009,1.00000
6.87622,83.21142,1.00000
6.38358,67.90640,-1.00000
5.07836,80.88952,-1.00000
1.21266,76.29434,-1.00000
5.96347,96.48286,1.00000
3.39863,40.96971,-1.00000
8.93535,75.37052,1.00000
8.39544,84.26906,1.00000
7.41652,92.85439,1.00000
1.40673,64.20994,-1.00000
4.48793,55.51972,1.00000
4.35969,73.26330,-1.00000
5.68235,92.38205,-1.00000
4.12072,58.28545,-1.00000
4.77903,91.00181,1.00000
4.52896,62.66564,-1.00000
4.75535,79.78837,1.00000
4.69253,89.59427,1.00000
4.58750,80.71710,1.00000
7.22523,33.54937,1.00000
3.92798,41.33424,-1.00000
6.66204,48.98458,-1.00000
4.34580,30.52107,1.00000
5.60079,53.69934,-1.00000
2.22038,38.35292,-1.00000
5.81148,41.27214,-1.00000
8.24241,46.51453,1.00000
2.88822,33.77177,-1.00000
2.37312,92.04774,1.00000
3.54102,97.32006,-1.00000
4.46755,90.76586,1.00000
7.47948,87.32835,1.00000
7.26371,98.18460,1.00000
8.15603,91.62269,1.00000
2.71911,84.51335,-1.00000
8.43432,77.69869,1.00000
4.70043,53.03027,-1.00000
7.83825,96.81477,1.00000
7.20304,35.54363,1.00000
7.39909,43.74166,1.00000
6.57331,94.74984,1.00000
3.97263,89.89242,-1.00000
6.73165,46.65211,1.00000
3.24336,82.67045,1.00000
2.68212,60.83888,-1.00000
3.64758,86.15210,-1.00000
2.31134,48.97354,-1.00000
3.37509,40.24139,-1.00000
8.50106,60.05161,1.00000
1.66942,65.12890,-1.00000
2.79281,54.32528,-1.00000
3.06281,69.98387,-1.00000
7.04284,30.27373,-1.00000
4.13904,79.05327,-1.00000
6.71822,30.20127,-1.00000
2.00052,72.22495,-1.00000
2.49713,80.11863,-1.00000
8.96776,59.14684,1.00000
8.89821,72.56387,1.00000
3.37545,93.20841,1.00000
8.60875,65.68029,1.00000
8.89741,78.86824,1.00000
8.51763,39.46247,1.00000
1.77976,98.59596,1.00000
3.85492,52.69181,1.00000
5.52593,77.41761,-1.00000
5.46562,88.32282,-1.00000
8.00813,54.96598,1.00000
5.17525,74.60855,1.00000
8.88540,30.14334,1.00000
7.19987,88.11659,1.00000
4.15943,39.89559,-1.00000
6.48090,30.67961,-1.00000
1.71712,72.29722,-1.00000
3.57350,93.49195,1.00000
2.32242,40.22843,-1.00000
3.71904,43.65978,-1.00000
5.29206,41.84558,1.00000
1.61868,53.10639,-1.00000
6.76947,72.53959,1.00000
2.82459,90.77913,1.00000
6.46337,31.25518,1.00000
2.12771,62.75258,-1.00000
5.36403,47.24019,-1.00000
3.25369,32.50788,-1.00000
8.26659,39.97119,-1.00000
8.14591,44.27334,1.00000
8.91099,63.68953,1.00000
7.92036,44.15795,1.00000
7.32540,77.10618,1.00000
3.83660,54.29254,-1.00000
6.63444,36.43678,1.00000
7.58865,75.16744,1.00000
6.43773,54.43047,1.00000
5.54079,45.71761,-1.00000
1.77420,99.11297,1.00000
6.47507,32.05915,-1.00000
8.51216,91.71422,1.00000
2.12446,56.54776,-1.00000
8.43851,44.32591,1.00000
5.82312,70.88546,1.00000
2.01801,31.10674,-1.00000
3.17870,32.98709,-1.00000
5.90001,65.38106,-1.00000
4.80602,85.65301,-1.00000
4.00048,59.44828,-1.00000
3.92696,45.78676,-1.00000
8.67312,30.21023,1.00000
5.80469,69.23002,1.00000
3.16207,30.60489,-1.00000
8.08762,67.40780,1.00000
2.14148,36.79263,-1.00000
1.12446,94.50511,1.00000
4.61578,31.08704,-1.00000
3.27251,55.00674,-1.00000
6.89411,68.37825,1.00000
4.01591,88.78163,1.00000
4.20157,48.67400,-1.00000
1.94023,43.13358,-1.00000
3.09739,44.17711,-1.00000
3.41271,49.01909,-1.00000
6.09770,48.33787,1.00000
8.32999,58.60235,1.00000
6.58160,66.42342,1.00000
6.25882,95.71102,1.00000
7.56666,70.92904,1.00000
5.97344,79.70628,1.00000
7.17793,59.59749,-1.00000
8.71232,41.36726,-1.00000
3.46021,91.35569,-1.00000
2.28128,69.91564,1.00000
4.41494,98.59196,-1.00000
5.70971,31.26752,-1.00000
2.36757,31.66918,-1.00000
4.75446,61.24144,1.00000
8.49297,65.30450,1.00000
5.46673,56.49389,1.00000
5.48335,62.70387,-1.00000
1.77107,62.41585,-1.00000
7.35380,81.17271,1.00000
5.30757,33.84614,-1.00000
3.23271,87.57642,1.00000
5.70021,62.46280,-1.00000
2.87196,40.54078,-1.00000
6.11763,94.32699,1.00000
2.88502,83.21464,-1.00000
5.18813,89.82159,1.00000
7.41529,76.58271,1.00000
3.79829,49.25537,1.00000
3.52306,69.79215,-1.00000
2.31379,79.50314,-1.00000
7.91633,82.93262,1.00000
7.47966,59.56953,1.00000
2.76417,39.96621,-1.00000
8.01896,78.71896,1.00000
6.65488,98.41231,1.00000
3.19392,42.51281,1.00000
3.80702,43.72511,-1.00000
6.81723,99.22415,1.00000
4.53835,97.14873,1.00000
6.37948,93.80791,1.00000
7.42535,32.21538,1.00000
6.81702,39.99474,1.00000
4.45078,69.74447,-1.00000
2.95961,80.72318,1.00000
2.72176,47.44093,-1.00000
8.97860,85.91240,1.00000
3.23596,41.86499,-1.00000
1.43471,88.27245,1.00000
3.93783,42.42677,-1.00000
3.42539,76.66170,-1.00000
6.10520,94.96937,1.00000
3.56082,42.13621,-1.00000
7.82807,42.75005,1.00000
7.05338,76.00143,1.00000
3.79652,33.90038,-1.00000
1.71554,98.72603,1.00000
2.19790,40.65977,-1.00000
8.14098,74.48224,1.00000
2.08768,41.75667,-1.00000
7.04541,89.89324,1.00000
8.11971,79.09005,1.00000
7.98810,40.46398,1.00000
4.35605,38.24538,-1.00000
8.23330,83.56615,1.00000
4.82127,62.57705,1.00000
8.10349,73.33951,1.00000
5.87730,75.52701,1.00000
8.59852,62.39002,1.00000
3.93275,65.76461,-1.00000
6.92995,65.23802,1.00000
2.01362,38.69144,-1.00000
5.83508,79.32407,1.00000
4.14775,65.94400,1.00000
7.91968,56.57729,1.00000
8.88252,81.74264,1.00000
2.18214,88.83252,-1.00000
6.88596,48.23910,1.00000
2.95477,50.22134,-1.00000
6.35698,70.51886,-1.00000
4.05324,50.70174,1.00000
4.16658,97.98532,1.00000
8.79337,95.45978,1.00000
4.14027,77.42983,-1.00000
3.32435,78.11330,1.00000
2.67943,76.13609,-1.00000
8.02613,98.84284,1.00000
1.83780,88.07595,-1.00000
3.05437,64.50329,-1.00000
3.24738,65.47807,1.00000
6.97836,69.37990,1.00000
1.65200,58.43259,-1.00000
8.39800,50.83067,1.00000
2.56439,88.96030,-1.00000
3.33709,88.04471,-1.00000
4.95842,93.13405,1.00000
8.81206,79.24859,1.00000
2.92327,33.59186,-1.00000
7.32156,52.19586,1.00000
5.94505,58.62893,1.00000
2.20131,62.14683,-1.00000
1.12884,53.61516,-1.00000
4.18960,56.72367,-1.00000
5.05918,92.80105,1.00000
6.71066,63.38875,1.00000
3.13120,42.92727,1.00000
6.21199,47.83349,1.00000
7.00190,81.76742,1.00000
6.39132,95.64585,1.00000
5.84288,87.25473,1.00000
8.48150,52.72502,1.00000
8.25548,47.52165,-1.00000
3.05951,92.08987,1.00000
7.02515,46.06958,-1.00000
4.41182,51.69460,-1.00000
8.93099,97.90234,1.00000
4.26934,99.88164,1.00000
3.87284,39.44225,1.00000
4.90567,34.16843,-1.00000
8.64875,81.41974,1.00000
6.10210,90.66171,1.00000
6.69751,32.65213,-1.00000
3.86759,85.18878,1.00000
7.74958,42.44473,-1.00000
2.76623,63.73128,-1.00000
1.60419,72.95288,-1.00000
6.46510,30.25684,1.00000
1.48078,64.72533,-1.00000
1.57915,61.80649,-1.00000
2.41624,79.18909,-1.00000
7.03294,94.01348,1.00000
5.14163,95.37371,1.00000
1.03222,57.12916,-1.00000
2.62399,70.96930,1.00000
3.53060,77.33837,-1.00000
7.42474,76.38210,1.00000
7.76020,79.33884,1.00000
5.32292,83.77228,1.00000
6.33770,53.06503,1.00000
4.07669,45.12249,-1.00000
7.43621,47.69216,1.00000
5.72433,97.41072,1.00000
1.03310,45.79625,-1.00000
6.34102,33.60525,-1.00000
1.29173,89.36907,-1.00000
5.77643,91.01433,1.00000
8.36792,30.68559,-1.00000
4.62141,58.88945,-1.00000
8.46026,85.21049,1.00000
3.99949,77.88030,-1.00000
3.35386,94.24378,1.00000
4.26935,69.72882,1.00000
8.09293,89.74248,1.00000
1.46973,55.50977,-1.00000
4.02805,30.03594,-1.00000
7.10945,56.44107,1.00000
4.17739,94.05216,1.00000
6.04257,89.36969,1.00000
7.53443,88.93521,1.00000
5.00524,98.14594,1.00000
3.10702,93.11730,-1.00000
3.08890,91.61695,-1.00000
6.38010,53.80202,1.00000
1.98113,48.10563,-1.00000
8.02139,33.65760,1.00000
4.85837,47.27172,1.00000
7.15841,92.18954,1.00000
5.72056,80.35552,1.00000
5.40102,91.70803,1.00000
8.88499,87.00830,1.00000
4.93261,56.14387,-1.00000
1.23440,98.08404,-1.00000
1.77258,96.99189,1.00000
1.39446,63.59520,-1.00000
5.34361,65.87778,1.00000
1.53418,36.27871,-1.00000
8.65761,47.31146,1.00000
4.87721,51.97054,-1.00000
7.53238,52.66220,-1.00000
6.42549,56.69935,1.00000
4.56838,76.25186,1.00000
8.80787,41.02891,1.00000
3.51059,96.13591,1.00000
3.85776,62.87394,1.00000
3.84865,88.22894,-1.00000
7.48182,83.75283,1.00000
5.70471,67.63309,1.00000
6.37020,40.80734,-1.00000
8.27725,52.21848,1.00000
5.70774,83.09554,1.00000
4.18146,53.64743,1.00000
4.97176,60.44496,-1.00000
8.11123,55.01482,-1.00000
4.65650,56.08555,1.00000
3.82130,36.49153,-1.00000
4.98299,89.48326,1.00000
4.59929,34.74766,1.00000
6.79336,94.52606,1.00000
2.42660,31.51378,-1.00000
7.11736,46.61418,1.00000
6.92010,70.94116,1.00000
4.03351,77.94850,1.00000
3.76248,78.42063,-1.00000
6.86503,48.07580,-1.00000
2.56092,31.98731,-1.00000
6.47497,67.98198,1.00000
1.13942,69.40154,-1.00000
3.16269,93.28011,1.00000
2.44209,41.23209,-1.00000
5.28822,43.94520,-1.00000
6.34615,98.67530,1.00000
2.79373,55.88073,-1.00000
2.44304,52.18046,1.00000
4.86625,98.83089,1.00000
4.86446,97.99556,1.00000
3.38400,31.38126,-1.00000
3.69775,78.55108,-1.00000
3.93385,71.65145,-1.00000
8.79009,75.26293,1.00000
8.78923,68.25994,1.00000
1.55179,64.85892,-1.00000
1.91164,38.90226,-1.00000
8.24099,47.57131,-1.00000
5.04698,76.75968,1.00000
7.92916,49.62880,1.00000
8.86917,93.61350,1.00000
3.24040,44.65299,-1.00000
8.50929,99.19852,1.00000
8.16023,40.89530,1.00000
3.34494,93.06185,1.00000
1.04054,46.38366,-1.00000
3.08476,47.84108,1.00000
8.41530,32.08633,1.00000
8.96112,56.55734,1.00000
8.19768,33.56482,1.00000
5.29527,94.28538,1.00000
8.20524,75.14087,1.00000
2.30219,93.90983,1.00000
2.31214,32.47509,-1.00000
6.81643,62.37924,1.00000
6.54468,63.23914,1.00000
5.83826,50.52341,1.00000
8.37595,35.19625,1.00000
7.49520,67.62190,1.00000
8.14186,73.10972,1.00000
5.22576,79.68281,-1.00000
3.73691,92.41248,-1.00000
8.18731,40.81628,1.00000
6.30662,35.40005,-1.00000
8.97101,65.77765,1.00000
7.96638,47.75342,1.00000
2.53503,90.49088,-1.00000
4.15232,36.49648,-1.00000
2.53453,40.24062,-1.00000
4.54852,59.10553,1.00000
2.54622,42.43334,-1.00000
4.60144,89.27061,-1.00000
